DT,Quote,MarketCap,LastPrice,PE,DY,ROE,Open,Low,High,Chg,ChgPct,Volume,BidPrice,BidVolume,AskPrice,AskVolume,MYRCNY_PerUnit,MYRSGD_PerUnit,MYRUSD_PerUnit,DJI_LastPrice,IXIC_LastPrice,DJI_Change,IXIC_Change,DJI_ChgPct,IXIC_ChgPct,DJI_ChgVolume,IXIC_ChgVolume,CLF_LastPrice,GCF_LastPrice,ZGF_LastPrice,CLF_Change,GCF_Change,ZGF_Change,CLF_ChgPct,GCF_ChgPct,ZGF_ChgPct,CLF_Volume,GCF_Volume,ZGF_Volume,Polarity,Spread,SMA3,WD_Friday,WD_Monday,WD_Thursday,WD_Tuesday,WD_Wednesday,UP
2019-03-04,AIRASIA,9391.0,2.81,4.64,18.51,32.57,2.75,2.75,2.84,0.07,2.55,146086,2.81,1879,2.82,1317,0.6082698505,3.0113684797,4.0795785417,26028.28,7615.92,1.96,20.57,0.01,0.27,64.347,675.87,56.81,1293.5,1291.6,0.74,-5.8,-7.7,1.32,-0.45,-0.59,386531.0,138167.0,0.0,-0.17020000000000002,0.08999999999999986,2.7999999999999994,0,1,0,0,0,False
2019-03-05,AIRASIA,9324.0,2.79,4.61,18.64,32.57,2.8,2.76,2.82,-0.02,-0.7117437722419906,102196,2.79,1440,2.8,55,0.6086764941,3.0090581734,4.0825161511,25819.65,7577.57,-206.67,-17.79,-0.79,-0.23,295.506,2322.0,56.81,1293.5,1291.6,0.74,-5.8,-7.7,1.32,-0.45,-0.59,386531.0,138167.0,0.0,0.0,0.06000000000000005,2.7999999999999994,0,0,0,1,0,True
2019-03-06,AIRASIA,9358.0,2.8,4.62,18.57,32.57,2.8,2.78,2.82,0.01,0.35842293906809264,77790,2.8,1685,2.81,2158,0.6090669896,3.0112178839,4.087765444,25806.63,7576.36,-109.37,-1.21,-0.42,-0.02,251.285,1968.0,56.81,1293.5,1291.6,0.74,-5.8,-7.7,1.32,-0.45,-0.59,386531.0,138167.0,0.0,0.02416666666666666,0.040000000000000036,2.7999999999999994,0,0,0,0,1,True
2019-03-07,AIRASIA,9458.0,2.83,4.67,18.37,32.57,2.8,2.8,2.88,0.03,1.0714285714285898,136838,2.83,1180,2.84,10,0.609251334,3.0086929062,4.0910652025,25673.46,7505.92,-133.17,-70.44,-0.52,-0.93,256.25,2044.0,56.81,1293.5,1291.6,0.74,-5.8,-7.7,1.32,-0.45,-0.59,386531.0,138167.0,0.0,0.08703333333333334,0.08000000000000007,2.806666666666666,0,0,1,0,0,True
2019-03-08,AIRASIA,9591.0,2.87,4.74,18.12,32.57,2.84,2.83,2.9,0.04,1.4134275618374659,103606,2.86,3754,2.87,2054,0.6081406926,3.008660289,4.087600785,25473.23,7421.46,-200.23,-84.46,-0.78,-1.13,289.144,2197.0,56.81,1293.5,1291.6,0.74,-5.8,-7.7,1.32,-0.45,-0.59,386531.0,138167.0,0.0,0.08703333333333334,0.06999999999999984,2.8333333333333335,1,0,0,0,0,False
2019-03-11,AIRASIA,9257.0,2.77,4.57,18.77,32.57,2.76,2.75,2.79,0.02,-3.484320557491294,68880,2.76,3227,2.77,112,0.6079265396,3.0086876526,4.0890463132,25554.66,7591.03,-96.22,32.97,-0.38,0.44,317.734,1979.0,56.81,1293.5,1291.6,0.74,-5.8,-7.7,1.32,-0.45,-0.59,386531.0,138167.0,0.0,0.0,0.040000000000000036,2.823333333333333,0,1,0,0,0,False
2019-03-12,AIRASIA,9157.0,2.74,4.52,23.36,32.57,2.77,2.73,2.79,-0.03,-1.0830324909747224,48540,2.74,1848,2.75,100,0.6087671079,3.0119035361,4.0841869889,25554.66,7591.03,-96.22,32.97,-0.38,0.44,317.734,1979.0,56.81,1293.5,1291.6,0.74,-5.8,-7.7,1.32,-0.45,-0.59,386531.0,138167.0,0.0,0.0,0.06000000000000005,2.793333333333333,0,0,0,1,0,True
2019-03-13,AIRASIA,9324.0,2.79,4.61,22.94,32.57,2.77,2.74,2.83,0.05,1.8248175182481674,82846,2.78,283,2.79,2661,0.6096462753,3.0203313448,4.0887021519,25554.66,7591.03,-96.22,32.97,-0.38,0.44,317.734,1979.0,56.81,1293.5,1291.6,0.74,-5.8,-7.7,1.32,-0.45,-0.59,386531.0,138167.0,0.0,0.2294,0.08999999999999986,2.7666666666666657,0,0,0,0,1,False
2019-03-14,AIRASIA,9224.0,2.76,4.56,23.19,32.57,2.8,2.76,2.82,-0.03,-1.0752688172043112,55938,2.76,1005,2.77,230,0.6085739847,3.0178107413,4.0911377689,25554.66,7591.03,-96.22,32.97,-0.38,0.44,317.734,1979.0,56.81,1293.5,1291.6,0.74,-5.8,-7.7,1.32,-0.45,-0.59,386531.0,138167.0,0.0,-0.0516,0.06000000000000005,2.7633333333333323,0,0,1,0,0,True
2019-03-15,AIRASIA,9324.0,2.79,4.61,22.94,32.57,2.78,2.73,2.79,0.03,1.0869565217391353,89842,2.75,100,2.79,721,0.608184695,3.0184258318,4.0835739734,25709.94,7630.91,7.05,-12.5,0.03,-0.16,302.791,2017.0,58.65,1306.0,1293.2,0.13,3.1,-9.7,0.22,0.24,-0.74,48553.0,82259.0,0.0,0.5106,0.06000000000000005,2.7799999999999994,1,0,0,0,0,False
2019-03-18,AIRASIA,9324.0,2.79,4.61,22.94,32.57,2.8,2.77,2.81,0.0,0.0,32303,2.78,3648,2.79,33,0.6081841293,3.0198413408,4.0823586238,26053.3,7744.08,139.2,29.61,0.54,0.38,91.238,836.083,58.65,1306.0,1293.2,0.13,3.1,-9.7,0.22,0.24,-0.74,48553.0,82259.0,0.0,0.0,0.040000000000000036,2.78,0,1,0,0,0,True
2019-03-19,AIRASIA,9424.0,2.82,4.66,22.7,32.57,2.79,2.77,2.87,0.03,1.0752688172043001,92127,2.8,675,2.82,282,0.6073783423,3.01878248,4.0785294534,26053.3,7744.08,139.2,29.61,0.54,0.38,91.238,836.083,59.38,1307.9,1293.2,0.29,6.4,-8.3,0.49,0.49,-0.64,21168.0,95324.0,0.0,0.47229999999999994,0.10000000000000009,2.8000000000000003,0,0,0,1,0,False
2019-03-20,AIRASIA,9324.0,2.79,4.61,22.94,32.57,2.8,2.77,2.81,-0.03,-1.0638297872340385,41357,2.78,3414,2.79,642,0.6069182631,3.008560166,4.0626534454,25887.38,7723.95,-26.72,9.47,-0.1,0.12,342.252,2232.0,58.43,1307.9,1293.2,-0.6,1.4,-13.3,-1.02,0.11,-1.02,2038.0,104168.0,0.0,0.47229999999999994,0.040000000000000036,2.8000000000000007,0,0,0,0,1,False
2019-03-21,AIRASIA,9257.0,2.77,4.57,23.1,32.57,2.8,2.76,2.81,-0.02,-0.7168458781361964,40498,2.77,411,2.78,360,0.6043745112,3.0004724225,4.048696558,25887.38,7723.95,-26.72,9.47,-0.1,0.12,342.252,2232.0,59.92,1317.9,1312.6,-0.31,16.2,10.9,-0.51,1.24,0.84,179593.0,130628.0,0.0,0.47229999999999994,0.050000000000000266,2.7933333333333343,0,0,1,0,0,True
2019-03-22,AIRASIA,9324.0,2.79,4.61,22.94,32.57,2.8,2.74,2.8,0.02,0.7220216606498298,39986,2.77,60,2.79,441,0.6064429043,3.0136057546,4.0745800783,25962.51,7838.96,216.84,109.99,0.84,1.42,335.254,2258.0,59.21,1311.6,1312.6,-0.77,4.3,5.3,-1.28,0.33,0.41,211142.0,126809.0,0.0,0.47229999999999994,0.05999999999999961,2.7833333333333337,1,0,0,0,0,False
2019-03-25,AIRASIA,9057.0,2.71,4.47,23.62,32.57,2.74,2.71,2.76,-0.08,-2.8673835125448077,78007,2.71,5839,2.73,50,0.6062883443,3.013478704,4.0675994867,25502.32,7642.67,-460.18,-196.29,-1.77,-2.5,386.508,2151.0,58.79,1319.2,1317.0,-0.25,6.9,4.7,-0.42,0.53,0.36,192759.0,101390.0,2.0,0.0,0.04999999999999982,2.7566666666666677,0,1,0,0,0,True
2019-03-26,AIRASIA,9157.0,2.74,4.52,23.36,32.57,2.73,2.73,2.75,0.03,1.1070110701107083,30082,2.73,2444,2.74,774,0.6072700083,3.0178737033,4.0783022256,25502.32,7642.67,-460.18,-196.29,-1.77,-2.5,386.508,2151.0,58.79,1319.2,1317.0,-0.25,6.9,4.7,-0.42,0.53,0.36,192759.0,101390.0,2.0,0.0,0.020000000000000018,2.746666666666668,0,0,0,1,0,False
2019-03-27,AIRASIA,9023.0,2.7,4.46,23.7,32.57,2.75,2.7,2.75,-0.04,-1.4598540145985384,23001,2.7,7467,2.72,20,0.6063211478,3.0076570036,4.078938573,25625.59,7643.38,-32.14,-48.15,-0.13,-0.63,270.345,1971.0,59.87,1314.0,1318.5,-0.07,-1.0,3.5,-0.12,-0.08,0.27,183782.0,98009.0,0.0,0.14896666666666666,0.04999999999999982,2.7166666666666686,0,0,0,0,1,False
2019-03-28,AIRASIA,9023.0,2.7,4.46,23.7,32.57,2.71,2.69,2.73,0.0,0.0,47270,2.7,1269,2.71,206,0.6050782688,3.0062706577,4.0774488438,25625.59,7643.38,-32.14,-48.15,-0.13,-0.63,270.345,1971.0,58.61,1299.9,1309.9,-0.8,-10.5,-0.5,-1.35,-0.8,-0.04,253372.0,163405.0,0.0,0.14896666666666666,0.040000000000000036,2.7133333333333347,0,0,1,0,0,False
2019-03-29,AIRASIA,8890.0,2.66,4.39,24.06,32.57,2.71,2.62,2.71,-0.04,-1.4814814814814836,139001,2.65,109,2.66,10040,0.6078751967,3.0123660151,4.0804998884,25717.46,7669.17,91.87,25.79,0.36,0.34,237.173,1705.0,60.47,1302.2,1309.9,1.17,6.9,20.1,1.97,0.53,1.56,208771.0,129231.0,0.0,0.14896666666666666,0.08999999999999986,2.686666666666668,1,0,0,0,0,False
2019-04-01,AIRASIA,8823.0,2.64,4.36,24.24,32.57,2.68,2.64,2.68,-0.02,-0.7518796992481258,60055,2.64,235,2.65,221,0.6082048717,3.0132423505,4.0820879532,26258.42,7828.91,329.74,99.59,1.27,1.29,295.567,1967.0,60.18,1290.8,1309.9,0.88,1.0,16.9,1.48,0.13,1.31,189320.0,110954.0,0.0,0.0,0.040000000000000036,2.666666666666668,0,1,0,0,0,True
2019-04-02,AIRASIA,8856.0,2.65,4.37,24.15,32.57,2.65,2.64,2.68,0.01,0.37878787878786735,37384,2.65,723,2.67,1542,0.6080957671,3.0137840728,4.0805450147,26258.42,7828.91,329.74,99.59,1.27,1.29,295.567,1967.0,61.83,1293.7,1309.9,0.24,-0.5,21.5,0.39,-0.04,1.67,220361.0,104417.0,0.0,0.0,0.040000000000000036,2.6500000000000012,0,0,0,1,0,True
2019-04-03,AIRASIA,8923.0,2.67,4.41,23.97,32.57,2.67,2.65,2.68,0.02,0.7547169811320753,32084,2.66,189,2.67,1443,0.6080957671,3.0137840728,4.0805450147,26179.13,7848.69,-79.29,19.78,-0.3,0.25,250.935,1932.0,62.64,1296.8,1309.9,0.06,1.4,19.9,0.1,0.11,1.54,183223.0,92515.0,0.0,0.0772,0.03000000000000025,2.6533333333333347,0,0,0,0,1,False
2019-04-04,AIRASIA,8923.0,2.67,4.41,23.97,32.57,2.66,2.65,2.68,0.0,0.0,45485,2.67,387,2.68,606,0.6074766071,3.012697203,4.0809449314,26218.13,7895.55,39.03,46.86,0.15,0.6,271.975,2252.0,62.53,1287.8,1309.9,0.07,-7.5,20.0,0.11,-0.58,1.55,170284.0,109313.0,0.0,0.0772,0.03000000000000025,2.6633333333333344,0,0,1,0,0,False
2019-04-05,AIRASIA,8856.0,2.65,4.37,24.15,32.57,2.68,2.64,2.68,-0.02,-0.7490636704119868,40452,2.65,3438,2.66,19,0.6087777954,3.0174568046,4.0898283228,26218.13,7895.55,39.03,46.86,0.15,0.6,271.975,2252.0,62.17,1290.2,1309.9,0.07,-4.1,20.9,0.11,-0.32,1.62,168016.0,112781.0,0.0,0.0772,0.040000000000000036,2.6633333333333344,1,0,0,0,0,True
2019-04-08,AIRASIA,8923.0,2.67,4.41,23.97,32.57,2.65,2.61,2.68,0.02,0.7547169811320753,64623,2.64,10,2.67,1514,0.6104952499,3.0265096661,4.1000549165,26341.02,7953.88,-83.97,15.19,-0.32,0.19,229.38,1910.0,63.26,1307.0,1309.9,0.18,11.4,19.5,0.29,0.88,1.51,158186.0,99985.0,0.0,0.0,0.07000000000000028,2.6633333333333344,0,1,0,0,0,False
2019-04-09,AIRASIA,8689.0,2.6,4.29,24.62,32.57,2.67,2.6,2.67,-0.07,-2.621722846441943,92844,2.59,4275,2.6,3085,0.6109001513,3.0297752754,4.1003788797,26341.02,7953.88,-83.97,15.19,-0.32,0.19,229.38,1910.0,64.15,1308.4,1309.9,-0.25,6.5,12.8,-0.39,0.5,0.99,184629.0,107428.0,0.0,0.0,0.06999999999999984,2.640000000000001,0,0,0,1,0,False
2019-04-10,AIRASIA,8455.0,2.53,4.18,25.3,32.57,2.61,2.52,2.62,-0.07,-2.692307692307705,124356,2.52,3447,2.53,5452,0.6121439787,3.0402317881,4.1109424635,26150.58,7909.28,-190.44,-44.61,-0.72,-0.56,244.408,1971.0,64.3,1306.7,1309.9,0.32,-1.6,6.4,0.5,-0.12,0.49,162172.0,87954.0,0.0,0.0,0.10000000000000009,2.600000000000001,0,0,0,0,1,False
2019-04-11,AIRASIA,8255.0,2.47,4.08,25.91,32.57,2.54,2.45,2.56,-0.06,-2.371541501976271,127005,2.47,1133,2.48,455,0.6143716792,3.0451745128,4.1283613845,26157.16,7964.24,6.56,54.96,0.03,0.69,203.125,1845.0,63.89,1300.3,1309.9,-0.72,-13.6,0.8,-1.11,-1.04,0.06,212507.0,133525.0,0.0,0.0,0.10999999999999988,2.5333333333333345,0,0,1,0,0,True
2019-04-12,AIRASIA,8322.0,2.49,4.11,25.7,32.57,2.5,2.48,2.52,0.02,0.809716599190291,54111,2.48,1574,2.49,3578,0.6138528865,3.041826472,4.1155531259,26143.05,7947.36,-14.11,-16.88,-0.05,-0.21,210.796,1808.0,64.5,1295.3,1309.9,0.92,2.0,21.3,1.45,0.15,1.65,180575.0,101767.0,0.0,0.148,0.040000000000000036,2.496666666666668,1,0,0,0,0,False
2019-04-15,AIRASIA,8221.0,2.46,4.06,26.02,32.57,2.51,2.44,2.51,-0.03,-1.2048192771084487,71778,2.45,154,2.46,716,0.6134004609,3.0425270834,4.1147933062,26412.3,7984.16,269.2,36.8,1.03,0.46,369.908,1791.0,63.39,1286.8,1309.9,-0.5,-8.4,19.3,-0.78,-0.65,1.5,151490.0,121674.0,0.0,0.3050666666666667,0.06999999999999984,2.4733333333333345,0,1,0,0,0,True
2019-04-16,AIRASIA,8255.0,2.47,4.08,25.91,32.57,2.47,2.45,2.52,0.01,0.40650406504065817,95957,2.46,100,2.47,2432,0.6153762981,3.0500761518,4.1304003074,26384.77,7976.01,-27.53,-8.15,-0.1,-0.1,250.622,1672.0,63.65,1282.9,1309.9,0.25,-8.4,23.1,0.39,-0.65,1.8,154963.0,128250.0,1.0,0.3050666666666667,0.06999999999999984,2.4733333333333345,0,0,0,1,0,True
2019-04-17,AIRASIA,8288.0,2.48,4.09,25.81,32.57,2.49,2.45,2.5,0.01,0.4048582995951344,80805,2.48,1204,2.49,888,0.6183668499,3.0568317715,4.1358373536,26384.77,7976.01,-27.53,-8.15,-0.1,-0.1,250.622,1672.0,64.43,1278.3,1276.9,0.38,1.1,-0.3,0.59,0.09,-0.02,61593.0,116017.0,0.0,0.0,0.04999999999999982,2.470000000000001,0,0,0,0,1,False
2019-04-18,AIRASIA,8121.0,2.43,4.01,26.34,32.57,2.49,2.42,2.49,-0.05,-2.0161290322580627,110831,2.43,1207,2.44,1953,0.6196186086,3.0654146961,4.1570396897,26449.54,7996.08,-3.12,-4.15,-0.01,-0.05,367.776,2116.0,63.99,1276.2,1309.9,0.23,-0.6,37.7,0.36,-0.05,2.96,32622.0,129327.0,0.0,0.17813333333333334,0.07000000000000028,2.4600000000000013,0,0,1,0,0,True
2019-04-19,AIRASIA,8355.0,2.5,4.13,25.6,32.57,2.45,2.44,2.51,0.07,2.8806584362139898,47274,2.49,371,2.5,7484,0.6178393881,3.0567628093,4.1432012673,26449.54,7996.08,-3.12,-4.15,-0.01,-0.05,367.776,2116.0,64.0,1277.9,1276.9,0.0,1.9,0.9,0.0,0.15,0.07,114864.0,219695.0,0.0,0.1591,0.06999999999999984,2.4700000000000006,1,0,0,0,0,False
2019-04-22,AIRASIA,8255.0,2.47,4.08,25.91,32.57,2.5,2.45,2.51,-0.03,-1.19999999999999,45653,2.46,1546,2.47,2274,0.616751258,3.0494159453,4.1363880704,26559.54,7998.06,110.04,1.98,0.42,0.02,332.851,1890.0,65.39,1279.1,1276.9,1.39,3.1,0.9,2.17,0.24,0.07,4483.0,70618.0,0.0,0.0,0.05999999999999961,2.4666666666666672,0,1,0,0,0,True
2019-04-23,AIRASIA,8322.0,2.49,4.11,25.7,32.57,2.47,2.46,2.52,0.02,0.809716599190291,60476,2.49,136,2.5,4264,0.613492731,3.0376376997,4.1256337973,26511.05,8015.27,-48.49,17.21,-0.18,0.22,232.571,1632.0,65.64,1270.4,1276.9,0.09,-7.2,-0.7,0.14,-0.56,-0.05,198287.0,113801.0,0.0,0.6369,0.06000000000000005,2.4866666666666677,0,0,0,1,0,True
2019-04-24,AIRASIA,8422.0,2.52,4.16,25.4,32.57,2.5,2.48,2.57,0.03,1.2048192771084265,62969,2.51,2937,2.52,1824,0.613492731,3.0376376997,4.1256337973,26656.39,8120.82,145.34,105.56,0.55,1.32,311.691,1909.0,66.34,1274.6,1276.9,0.04,1.4,3.7,0.06,0.11,0.29,177714.0,99941.0,0.0,0.0,0.08999999999999986,2.493333333333334,0,0,0,0,1,True
2019-04-25,AIRASIA,8555.0,2.56,4.23,25.0,32.57,2.52,2.52,2.56,0.04,1.5873015873015817,45429,2.54,111,2.56,606,0.613492731,3.0376376997,4.1256337973,26597.05,8102.01,-59.34,-18.81,-0.22,-0.23,283.374,1863.0,66.05,1279.0,1276.9,0.16,-0.4,-2.5,0.24,-0.03,-0.2,178062.0,96689.0,0.0,0.0,0.040000000000000036,2.523333333333334,0,0,1,0,0,True
2019-04-26,AIRASIA,8956.0,2.68,4.42,23.88,32.57,2.58,2.57,2.68,0.12,4.6875,102832,2.68,2949,2.69,1303,0.613492731,3.0376376997,4.1256337973,26462.08,8118.68,-134.97,16.67,-0.51,0.21,296.728,1863.0,64.02,1285.3,1276.9,-1.19,5.6,-2.8,-1.82,0.44,-0.22,267605.0,120703.0,0.0,0.27686666666666665,0.11000000000000032,2.5866666666666673,1,0,0,0,0,True
2019-04-29,AIRASIA,9023.0,2.7,4.46,23.7,32.57,2.72,2.69,2.79,0.02,0.746268656716409,150876,2.7,2265,2.71,276,0.613492731,3.0376376997,4.1256337973,26543.33,8146.4,81.23,27.72,0.31,0.34,317.288,1830.0,63.06,1284.2,1276.9,-0.24,-4.6,-11.9,-0.38,-0.36,-0.92,209032.0,104283.0,0.0,0.4939,0.10000000000000009,2.646666666666667,0,1,0,0,0,True
2019-04-30,AIRASIA,9124.0,2.73,4.51,23.44,32.57,2.7,2.7,2.75,0.03,1.1111111111111072,47386,2.72,1510,2.73,3613,0.613492731,3.0376376997,4.1256337973,26554.39,8161.85,11.06,15.46,0.04,0.19,279.446,1634.0,64.71,1283.2,1276.9,1.21,1.7,-4.6,1.91,0.13,-0.36,222839.0,105504.0,0.0,0.0,0.04999999999999982,2.7033333333333336,0,0,0,1,0,False
2019-05-01,AIRASIA,9124.0,2.73,4.51,23.44,32.57,2.7,2.7,2.75,0.03,0.0,47386,2.72,1510,2.73,3613,0.613492731,3.0376376997,4.1256337973,26592.91,8095.39,38.52,-66.47,0.15,-0.81,340.317,1932.0,63.33,1282.4,1276.9,-0.58,-3.3,-8.8,-0.91,-0.26,-0.68,180659.0,83560.0,0.0,0.0,0.04999999999999982,2.7200000000000006,0,0,0,0,1,False
2019-05-02,AIRASIA,8789.0,2.63,4.34,24.33,32.57,2.73,2.62,2.73,-0.1,-3.663003663003661,66435,2.63,70,2.65,464,0.613492731,3.0376376997,4.1256337973,26430.14,8049.64,-162.77,-45.75,-0.61,-0.57,303.847,2040.0,62.44,1271.4,1276.9,-1.16,-12.8,-7.3,-1.82,-1.0,-0.57,219243.0,132064.0,0.0,0.20095,0.10999999999999988,2.6966666666666677,0,0,1,0,0,True
2019-05-03,AIRASIA,9057.0,2.71,4.47,23.62,32.57,2.67,2.65,2.72,0.08,3.041825095057038,88990,2.68,379,2.71,1765,0.613492731,3.0376376997,4.1256337973,26430.14,8049.64,-162.77,-45.75,-0.61,-0.57,303.847,2040.0,62.06,1274.8,1276.9,0.25,2.8,4.9,0.4,0.22,0.39,196847.0,100894.0,0.0,0.20095,0.07000000000000028,2.6900000000000013,1,0,0,0,0,False
2019-05-06,AIRASIA,8956.0,2.68,4.42,23.88,32.57,2.68,2.65,2.69,-0.03,-1.1070110701106972,31271,2.68,452,2.69,616,0.613492731,3.0376376997,4.1256337973,26438.48,8123.29,-66.47,-40.71,-0.25,-0.5,283.021,1733.0,61.24,1279.0,1284.2,-0.7,-2.3,2.9,-1.13,-0.18,0.23,283145.0,134279.0,1.0,0.10115,0.040000000000000036,2.6733333333333342,0,1,0,0,0,False
2019-05-07,AIRASIA,8723.0,2.61,4.31,24.52,32.57,2.65,2.61,2.66,-0.07,-2.6119402985074758,47220,2.61,5485,2.63,18,0.613492731,3.0376376997,4.1256337973,26438.48,8123.29,-66.47,-40.71,-0.25,-0.5,283.021,1733.0,61.57,1281.1,1284.2,-0.68,-2.7,0.4,-1.09,-0.21,0.03,234568.0,96127.0,0.0,0.10115,0.050000000000000266,2.666666666666668,0,0,0,1,0,False
2019-05-08,AIRASIA,8589.0,2.57,4.24,24.9,32.57,2.6,2.56,2.61,-0.04,-1.532567049808431,60106,2.56,4123,2.57,1085,0.613492731,3.0376376997,4.1256337973,25965.09,7963.76,-473.39,-159.53,-1.79,-1.96,334.957,2049.0,61.77,1291.6,1290.1,0.37,6.0,4.5,0.6,0.47,0.35,257877.0,131087.0,15.0,0.10115,0.04999999999999982,2.6200000000000014,0,0,0,0,1,True
2019-05-09,AIRASIA,8856.0,2.65,4.37,24.15,32.57,2.57,2.56,2.65,0.08,3.112840466926081,50678,2.64,130,2.65,307,0.613492731,3.0376376997,4.1256337973,25965.09,7963.76,-473.39,-159.53,-1.79,-1.96,334.957,2049.0,61.64,1282.4,1290.1,-0.48,1.0,8.7,-0.77,0.08,0.68,233345.0,118772.0,0.0,0.4019,0.08999999999999986,2.610000000000001,0,0,1,0,0,False
2019-03-04,AIRPORT,13323.0,8.03,18.32,1.62,7.96,7.98,7.9,8.04,-0.09,-1.11,34122,7.98,1128,8.03,2650,0.6082698505,3.0113684797,4.0795785417,26028.28,7615.92,1.96,20.57,0.01,0.27,64.347,675.87,56.81,1293.5,1291.6,0.74,-5.8,-7.7,1.32,-0.45,-0.59,386531.0,138167.0,0.0,0.0,0.1399999999999988,7.963333333333334,0,1,0,0,0,False
2019-03-05,AIRPORT,13257.0,7.99,18.23,1.63,7.96,7.95,7.95,8.04,-0.04,-0.49813200498131094,25976,7.99,1953,8.03,163,0.6086764941,3.0090581734,4.0825161511,25819.65,7577.57,-206.67,-17.79,-0.79,-0.23,295.506,2322.0,56.81,1293.5,1291.6,0.74,-5.8,-7.7,1.32,-0.45,-0.59,386531.0,138167.0,0.0,0.18076666666666666,0.08999999999999897,7.963333333333334,0,0,0,1,0,False
2019-03-06,AIRPORT,13058.0,7.87,17.96,1.65,7.96,7.95,7.8,7.96,-0.12,-1.5018773466833557,43503,7.85,30,7.87,150,0.6090669896,3.0112178839,4.087765444,25806.63,7576.36,-109.37,-1.21,-0.42,-0.02,251.285,1968.0,56.81,1293.5,1291.6,0.74,-5.8,-7.7,1.32,-0.45,-0.59,386531.0,138167.0,0.0,0.18076666666666666,0.16000000000000014,7.963333333333334,0,0,0,0,1,False
2019-03-07,AIRPORT,12925.0,7.79,17.77,1.67,7.96,7.81,7.7,7.88,-0.08,-1.0165184243964398,33524,7.77,5,7.79,4523,0.609251334,3.0086929062,4.0910652025,25673.46,7505.92,-133.17,-70.44,-0.52,-0.93,256.25,2044.0,56.81,1293.5,1291.6,0.74,-5.8,-7.7,1.32,-0.45,-0.59,386531.0,138167.0,0.0,0.0,0.17999999999999972,7.883333333333333,0,0,1,0,0,False
2019-03-08,AIRPORT,12859.0,7.75,17.68,1.68,7.96,7.8,7.68,7.86,-0.04,-0.5134788189987138,35468,7.72,11,7.75,15,0.6081406926,3.008660289,4.087600785,25473.23,7421.46,-200.23,-84.46,-0.78,-1.13,289.144,2197.0,56.81,1293.5,1291.6,0.74,-5.8,-7.7,1.32,-0.45,-0.59,386531.0,138167.0,0.0,0.0,0.1800000000000006,7.803333333333332,1,0,0,0,0,False
2019-03-11,AIRPORT,12709.0,7.66,17.48,1.7,7.96,7.7,7.61,7.7,-0.09,-1.1612903225806437,15797,7.66,1551,7.67,60,0.6079265396,3.0086876526,4.0890463132,25554.66,7591.03,-96.22,32.97,-0.38,0.44,317.734,1979.0,56.81,1293.5,1291.6,0.74,-5.8,-7.7,1.32,-0.45,-0.59,386531.0,138167.0,0.0,0.28459999999999996,0.08999999999999986,7.733333333333332,0,1,0,0,0,True
2019-03-12,AIRPORT,12842.0,7.74,17.66,1.68,7.96,7.61,7.61,7.74,0.08,1.0443864229765065,23105,7.74,2699,7.75,269,0.6087671079,3.0119035361,4.0841869889,25554.66,7591.03,-96.22,32.97,-0.38,0.44,317.734,1979.0,56.81,1293.5,1291.6,0.74,-5.8,-7.7,1.32,-0.45,-0.59,386531.0,138167.0,0.0,0.28459999999999996,0.1299999999999999,7.716666666666666,0,0,0,1,0,False
2019-03-13,AIRPORT,12842.0,7.74,17.66,1.68,7.96,7.7,7.7,7.78,0.0,0.0,36952,7.74,180,7.77,18,0.6096462753,3.0203313448,4.0887021519,25554.66,7591.03,-96.22,32.97,-0.38,0.44,317.734,1979.0,56.81,1293.5,1291.6,0.74,-5.8,-7.7,1.32,-0.45,-0.59,386531.0,138167.0,0.0,0.4019,0.08000000000000007,7.713333333333334,0,0,0,0,1,True
2019-03-14,AIRPORT,12942.0,7.8,17.8,1.67,7.96,7.75,7.75,7.85,0.06,0.7751937984496138,11794,7.8,19742,7.83,75,0.6085739847,3.0178107413,4.0911377689,25554.66,7591.03,-96.22,32.97,-0.38,0.44,317.734,1979.0,56.81,1293.5,1291.6,0.74,-5.8,-7.7,1.32,-0.45,-0.59,386531.0,138167.0,0.0,-0.0516,0.09999999999999964,7.760000000000001,0,0,1,0,0,False
2019-03-15,AIRPORT,12875.0,7.76,17.7,1.68,7.96,7.75,7.7,7.78,-0.04,-0.512820512820511,35602,7.76,5548,7.77,110,0.608184695,3.0184258318,4.0835739734,25709.94,7630.91,7.05,-12.5,0.03,-0.16,302.791,2017.0,58.65,1306.0,1293.2,0.13,3.1,-9.7,0.22,0.24,-0.74,48553.0,82259.0,0.0,-0.0516,0.08000000000000007,7.766666666666666,1,0,0,0,0,False
2019-03-18,AIRPORT,12792.0,7.71,17.59,1.69,7.96,7.75,7.7,7.78,-0.05,-0.6443298969072142,21692,7.7,324,7.71,55,0.6081841293,3.0198413408,4.0823586238,26053.3,7744.08,139.2,29.61,0.54,0.38,91.238,836.083,58.65,1306.0,1293.2,0.13,3.1,-9.7,0.22,0.24,-0.74,48553.0,82259.0,0.0,-0.7003,0.08000000000000007,7.756666666666665,0,1,0,0,0,False
2019-03-19,AIRPORT,12792.0,7.71,17.59,1.69,7.96,7.72,7.63,7.73,0.0,0.0,22416,7.71,5059,7.75,265,0.6073783423,3.01878248,4.0785294534,26053.3,7744.08,139.2,29.61,0.54,0.38,91.238,836.083,59.38,1307.9,1293.2,0.29,6.4,-8.3,0.49,0.49,-0.64,21168.0,95324.0,0.0,-0.7003,0.10000000000000053,7.726666666666666,0,0,0,1,0,False
2019-03-20,AIRPORT,12776.0,7.7,17.57,1.69,7.96,7.64,7.64,7.7,-0.01,-0.12970168612191912,20736,7.7,87,7.72,265,0.6069182631,3.008560166,4.0626534454,25887.38,7723.95,-26.72,9.47,-0.1,0.12,342.252,2232.0,58.43,1307.9,1293.2,-0.6,1.4,-13.3,-1.02,0.11,-1.02,2038.0,104168.0,0.0,-0.7003,0.0600000000000005,7.706666666666666,0,0,0,0,1,False
2019-03-21,AIRPORT,12693.0,7.65,17.45,1.7,7.96,7.66,7.61,7.76,-0.05,-0.649350649350644,28728,7.65,5019,7.73,96,0.6043745112,3.0004724225,4.048696558,25887.38,7723.95,-26.72,9.47,-0.1,0.12,342.252,2232.0,59.92,1317.9,1312.6,-0.31,16.2,10.9,-0.51,1.24,0.84,179593.0,130628.0,0.0,-0.3182,0.14999999999999947,7.686666666666665,0,0,1,0,0,True
2019-03-22,AIRPORT,12759.0,7.69,17.55,1.69,7.96,7.73,7.62,7.73,0.04,0.5228758169934622,19253,7.67,4296,7.69,2694,0.6064429043,3.0136057546,4.0745800783,25962.51,7838.96,216.84,109.99,0.84,1.42,335.254,2258.0,59.21,1311.6,1312.6,-0.77,4.3,5.3,-1.28,0.33,0.41,211142.0,126809.0,0.0,-0.3182,0.11000000000000032,7.679999999999999,1,0,0,0,0,False
2019-03-25,AIRPORT,12162.0,7.33,16.72,1.77,7.96,7.6,6.9,7.6,-0.36,-4.681404421326407,77452,7.31,9,7.33,85,0.6062883443,3.013478704,4.0675994867,25502.32,7642.67,-460.18,-196.29,-1.77,-2.5,386.508,2151.0,58.79,1319.2,1317.0,-0.25,6.9,4.7,-0.42,0.53,0.36,192759.0,101390.0,2.0,0.09866666666666667,0.6999999999999993,7.556666666666666,0,1,0,0,0,True
2019-03-26,AIRPORT,12178.0,7.34,16.75,1.77,7.96,7.18,7.18,7.38,0.01,0.13642564802183177,11474,7.31,68,7.34,1,0.6072700083,3.0178737033,4.0783022256,25502.32,7642.67,-460.18,-196.29,-1.77,-2.5,386.508,2151.0,58.79,1319.2,1317.0,-0.25,6.9,4.7,-0.42,0.53,0.36,192759.0,101390.0,2.0,0.2732,0.20000000000000018,7.453333333333333,0,0,0,1,0,False
2019-03-27,AIRPORT,12096.0,7.29,16.63,1.78,7.96,7.35,7.23,7.36,-0.05,-0.6811989100817373,31856,7.29,1558,7.33,37,0.6063211478,3.0076570036,4.078938573,25625.59,7643.38,-32.14,-48.15,-0.13,-0.63,270.345,1971.0,59.87,1314.0,1318.5,-0.07,-1.0,3.5,-0.12,-0.08,0.27,183782.0,98009.0,0.0,0.2732,0.1299999999999999,7.319999999999999,0,0,0,0,1,False
2019-03-28,AIRPORT,12062.0,7.27,16.59,1.79,7.96,7.29,7.23,7.33,-0.02,-0.2743484224965731,17734,7.27,57,7.3,8,0.6050782688,3.0062706577,4.0774488438,25625.59,7643.38,-32.14,-48.15,-0.13,-0.63,270.345,1971.0,58.61,1299.9,1309.9,-0.8,-10.5,-0.5,-1.35,-0.8,-0.04,253372.0,163405.0,0.0,0.1366,0.09999999999999964,7.3,0,0,1,0,0,False
2019-03-29,AIRPORT,12013.0,7.24,16.52,1.8,7.96,7.27,7.05,7.29,-0.03,-0.4126547455295615,36477,7.24,165,7.25,15,0.6078751967,3.0123660151,4.0804998884,25717.46,7669.17,91.87,25.79,0.36,0.34,237.173,1705.0,60.47,1302.2,1309.9,1.17,6.9,20.1,1.97,0.53,1.56,208771.0,129231.0,0.0,0.1366,0.2400000000000002,7.266666666666667,1,0,0,0,0,False
2019-04-01,AIRPORT,11930.0,7.19,16.4,1.81,7.96,7.25,7.16,7.27,-0.05,-0.6906077348066253,27865,7.18,4,7.23,270,0.6082048717,3.0132423505,4.0820879532,26258.42,7828.91,329.74,99.59,1.27,1.29,295.567,1967.0,60.18,1290.8,1309.9,0.88,1.0,16.9,1.48,0.13,1.31,189320.0,110954.0,0.0,0.1366,0.10999999999999943,7.233333333333334,0,1,0,0,0,False
2019-04-02,AIRPORT,11880.0,7.16,16.34,1.82,7.96,7.19,7.13,7.2,-0.03,-0.417246175243402,41776,7.16,236,7.19,70,0.6080957671,3.0137840728,4.0805450147,26258.42,7828.91,329.74,99.59,1.27,1.29,295.567,1967.0,61.83,1293.7,1309.9,0.24,-0.5,21.5,0.39,-0.04,1.67,220361.0,104417.0,0.0,0.1366,0.07000000000000028,7.196666666666668,0,0,0,1,0,False
2019-04-03,AIRPORT,11764.0,7.09,16.18,1.83,7.96,7.18,7.03,7.18,-0.07,-0.9776536312849249,32953,7.07,30,7.09,615,0.6080957671,3.0137840728,4.0805450147,26179.13,7848.69,-79.29,19.78,-0.3,0.25,250.935,1932.0,62.64,1296.8,1309.9,0.06,1.4,19.9,0.1,0.11,1.54,183223.0,92515.0,0.0,0.1366,0.14999999999999947,7.146666666666668,0,0,0,0,1,False
2019-04-04,AIRPORT,11764.0,7.09,16.18,1.83,7.96,7.09,7.03,7.12,0.0,0.0,60799,7.08,110,7.09,1857,0.6074766071,3.012697203,4.0809449314,26218.13,7895.55,39.03,46.86,0.15,0.6,271.975,2252.0,62.53,1287.8,1309.9,0.07,-7.5,20.0,0.11,-0.58,1.55,170284.0,109313.0,0.0,0.0,0.08999999999999986,7.113333333333334,0,0,1,0,0,True
2019-04-05,AIRPORT,11797.0,7.11,16.22,1.83,7.96,7.11,7.05,7.14,0.02,0.28208744710860323,17570,7.11,35,7.12,97,0.6087777954,3.0174568046,4.0898283228,26218.13,7895.55,39.03,46.86,0.15,0.6,271.975,2252.0,62.17,1290.2,1309.9,0.07,-4.1,20.9,0.11,-0.32,1.62,168016.0,112781.0,0.0,0.0,0.08999999999999986,7.096666666666668,1,0,0,0,0,False
2019-04-08,AIRPORT,11747.0,7.08,16.15,1.84,7.96,7.08,7.04,7.1,-0.03,-0.42194092827004814,28193,7.06,81,7.08,897,0.6104952499,3.0265096661,4.1000549165,26341.02,7953.88,-83.97,15.19,-0.32,0.19,229.38,1910.0,63.26,1307.0,1309.9,0.18,11.4,19.5,0.29,0.88,1.51,158186.0,99985.0,0.0,0.0,0.05999999999999961,7.093333333333335,0,1,0,0,0,False
2019-04-09,AIRPORT,11515.0,6.94,15.83,1.87,7.96,7.05,6.87,7.06,-0.14,-1.9774011299435013,83469,6.94,1,6.95,209,0.6109001513,3.0297752754,4.1003788797,26341.02,7953.88,-83.97,15.19,-0.32,0.19,229.38,1910.0,64.15,1308.4,1309.9,-0.25,6.5,12.8,-0.39,0.5,0.99,184629.0,107428.0,0.0,0.0,0.1899999999999995,7.043333333333336,0,0,0,1,0,False
2019-04-10,AIRPORT,11200.0,6.75,15.4,1.93,7.96,6.94,6.73,6.98,-0.19,-2.737752161383289,43023,6.73,150,6.75,8012,0.6121439787,3.0402317881,4.1109424635,26150.58,7909.28,-190.44,-44.61,-0.72,-0.56,244.408,1971.0,64.3,1306.7,1309.9,0.32,-1.6,6.4,0.5,-0.12,0.49,162172.0,87954.0,0.0,0.29569999999999996,0.25,6.923333333333336,0,0,0,0,1,False
2019-04-11,AIRPORT,10967.0,6.61,15.08,1.97,7.96,6.77,6.6,6.85,-0.14,-2.0740740740740726,26606,6.61,749,6.63,50,0.6143716792,3.0451745128,4.1283613845,26157.16,7964.24,6.56,54.96,0.03,0.69,203.125,1845.0,63.89,1300.3,1309.9,-0.72,-13.6,0.8,-1.11,-1.04,0.06,212507.0,133525.0,0.0,0.2732,0.25,6.766666666666668,0,0,1,0,0,True
2019-04-12,AIRPORT,11316.0,6.82,15.56,1.91,7.96,6.65,6.64,6.9,0.21,3.177004538577921,109453,6.82,118,6.85,339,0.6138528865,3.041826472,4.1155531259,26143.05,7947.36,-14.11,-16.88,-0.05,-0.21,210.796,1808.0,64.5,1295.3,1309.9,0.92,2.0,21.3,1.45,0.15,1.65,180575.0,101767.0,0.0,0.2592,0.2600000000000007,6.7266666666666675,1,0,0,0,0,True
2019-04-15,AIRPORT,11448.0,6.9,15.74,1.88,7.96,6.88,6.82,6.93,0.08,1.1730205278592365,40192,6.9,123,6.91,72,0.6134004609,3.0425270834,4.1147933062,26412.3,7984.16,269.2,36.8,1.03,0.46,369.908,1791.0,63.39,1286.8,1309.9,-0.5,-8.4,19.3,-0.78,-0.65,1.5,151490.0,121674.0,0.0,0.2023,0.10999999999999943,6.776666666666668,0,1,0,0,0,False
2019-04-16,AIRPORT,11200.0,6.75,15.4,1.93,7.96,6.9,6.74,6.91,-0.15,-2.1739130434782705,30879,6.74,259,6.75,5,0.6153762981,3.0500761518,4.1304003074,26384.77,7976.01,-27.53,-8.15,-0.1,-0.1,250.622,1672.0,63.65,1282.9,1309.9,0.25,-8.4,23.1,0.39,-0.65,1.8,154963.0,128250.0,1.0,0.3818,0.16999999999999993,6.823333333333335,0,0,0,1,0,True
2019-04-17,AIRPORT,11299.0,6.81,15.54,1.91,7.96,6.75,6.7,6.84,0.06,0.8888888888888724,23925,6.79,73,6.81,1375,0.6183668499,3.0568317715,4.1358373536,26384.77,7976.01,-27.53,-8.15,-0.1,-0.1,250.622,1672.0,64.43,1278.3,1276.9,0.38,1.1,-0.3,0.59,0.09,-0.02,61593.0,116017.0,0.0,0.3500666666666667,0.13999999999999968,6.820000000000001,0,0,0,0,1,False
2019-04-18,AIRPORT,11283.0,6.8,15.51,1.91,7.96,6.75,6.75,6.83,-0.01,-0.1468428781204123,35519,6.78,397,6.8,5,0.6196186086,3.0654146961,4.1570396897,26449.54,7996.08,-3.12,-4.15,-0.01,-0.05,367.776,2116.0,63.99,1276.2,1309.9,0.23,-0.6,37.7,0.36,-0.05,2.96,32622.0,129327.0,0.0,0.3500666666666667,0.08000000000000007,6.786666666666669,0,0,1,0,0,False
2019-04-19,AIRPORT,11233.0,6.77,15.45,1.92,7.96,6.8,6.76,6.8,-0.03,-0.4411764705882337,20797,6.76,23,6.77,143,0.6178393881,3.0567628093,4.1432012673,26449.54,7996.08,-3.12,-4.15,-0.01,-0.05,367.776,2116.0,64.0,1277.9,1276.9,0.0,1.9,0.9,0.0,0.15,0.07,114864.0,219695.0,0.0,-0.6808,0.040000000000000036,6.793333333333336,1,0,0,0,0,True
2019-04-22,AIRPORT,11797.0,7.11,16.22,1.83,7.96,6.78,6.77,7.14,0.34,5.0221565731167095,54483,7.08,30,7.11,7,0.616751258,3.0494159453,4.1363880704,26559.54,7998.06,110.04,1.98,0.42,0.02,332.851,1890.0,65.39,1279.1,1276.9,1.39,3.1,0.9,2.17,0.24,0.07,4483.0,70618.0,0.0,-0.296,0.3700000000000001,6.893333333333335,0,1,0,0,0,True
2019-04-23,AIRPORT,12278.0,7.4,16.88,1.76,7.96,7.16,7.08,7.43,0.29,4.078762306610417,22072,7.4,6727,7.42,65,0.613492731,3.0376376997,4.1256337973,26511.05,8015.27,-48.49,17.21,-0.18,0.22,232.571,1632.0,65.64,1270.4,1276.9,0.09,-7.2,-0.7,0.14,-0.56,-0.05,198287.0,113801.0,0.0,0.0,0.34999999999999964,7.093333333333335,0,0,0,1,0,False
2019-04-24,AIRPORT,12278.0,7.4,16.88,1.76,7.96,7.41,7.3,7.45,0.0,0.0,39738,7.4,12042,7.41,10,0.613492731,3.0376376997,4.1256337973,26656.39,8120.82,145.34,105.56,0.55,1.32,311.691,1909.0,66.34,1274.6,1276.9,0.04,1.4,3.7,0.06,0.11,0.29,177714.0,99941.0,0.0,0.0,0.15000000000000036,7.3033333333333355,0,0,0,0,1,True
2019-04-25,AIRPORT,12311.0,7.42,16.93,1.75,7.96,7.42,7.35,7.42,0.02,0.2702702702702675,15026,7.39,4635,7.42,137,0.613492731,3.0376376997,4.1256337973,26597.05,8102.01,-59.34,-18.81,-0.22,-0.23,283.374,1863.0,66.05,1279.0,1276.9,0.16,-0.4,-2.5,0.24,-0.03,-0.2,178062.0,96689.0,0.0,0.0,0.07000000000000028,7.406666666666669,0,0,1,0,0,True
2019-04-26,AIRPORT,12427.0,7.49,17.09,1.74,7.96,7.39,7.39,7.51,0.07,0.9433962264151052,19528,7.49,15838,7.5,15,0.613492731,3.0376376997,4.1256337973,26462.08,8118.68,-134.97,16.67,-0.51,0.21,296.728,1863.0,64.02,1285.3,1276.9,-1.19,5.6,-2.8,-1.82,0.44,-0.22,267605.0,120703.0,0.0,0.0,0.1200000000000001,7.43666666666667,1,0,0,0,0,True
2019-04-29,AIRPORT,12543.0,7.56,17.25,1.72,7.96,7.53,7.49,7.62,0.07,0.9345794392523255,21338,7.55,761,7.56,43,0.613492731,3.0376376997,4.1256337973,26543.33,8146.4,81.23,27.72,0.31,0.34,317.288,1830.0,63.06,1284.2,1276.9,-0.24,-4.6,-11.9,-0.38,-0.36,-0.92,209032.0,104283.0,0.0,-0.19063333333333332,0.1299999999999999,7.490000000000002,0,1,0,0,0,True
2019-04-30,AIRPORT,12660.0,7.63,17.41,1.7,7.96,7.54,7.54,7.67,0.07,0.92592592592593,44601,7.63,9975,7.66,100,0.613492731,3.0376376997,4.1256337973,26554.39,8161.85,11.06,15.46,0.04,0.19,279.446,1634.0,64.71,1283.2,1276.9,1.21,1.7,-4.6,1.91,0.13,-0.36,222839.0,105504.0,0.0,0.0,0.1299999999999999,7.560000000000002,0,0,0,1,0,False
2019-05-01,AIRPORT,12660.0,7.63,17.41,1.7,7.96,7.54,7.54,7.67,0.07,0.0,44601,7.63,9975,7.66,100,0.613492731,3.0376376997,4.1256337973,26592.91,8095.39,38.52,-66.47,0.15,-0.81,340.317,1932.0,63.33,1282.4,1276.9,-0.58,-3.3,-8.8,-0.91,-0.26,-0.68,180659.0,83560.0,0.0,0.0,0.1299999999999999,7.606666666666669,0,0,0,0,1,False
2019-05-02,AIRPORT,12610.0,7.6,17.34,1.71,7.96,7.63,7.42,7.63,-0.03,-0.3931847968545288,18203,7.6,10,7.61,197,0.613492731,3.0376376997,4.1256337973,26430.14,8049.64,-162.77,-45.75,-0.61,-0.57,303.847,2040.0,62.44,1271.4,1276.9,-1.16,-12.8,-7.3,-1.82,-1.0,-0.57,219243.0,132064.0,0.0,0.1531,0.20999999999999996,7.620000000000004,0,0,1,0,0,False
2019-05-03,AIRPORT,12610.0,7.6,17.34,1.71,7.96,7.45,7.43,7.63,0.0,0.0,27766,7.6,11653,7.63,77,0.613492731,3.0376376997,4.1256337973,26430.14,8049.64,-162.77,-45.75,-0.61,-0.57,303.847,2040.0,62.06,1274.8,1276.9,0.25,2.8,4.9,0.4,0.22,0.39,196847.0,100894.0,0.0,-0.3818,0.20000000000000018,7.610000000000003,1,0,0,0,0,False
2019-05-06,AIRPORT,12510.0,7.54,17.2,1.72,7.96,7.54,7.45,7.59,-0.06,-0.7894736842105177,12402,7.54,57,7.58,52,0.613492731,3.0376376997,4.1256337973,26438.48,8123.29,-66.47,-40.71,-0.25,-0.5,283.021,1733.0,61.24,1279.0,1284.2,-0.7,-2.3,2.9,-1.13,-0.18,0.23,283145.0,134279.0,1.0,0.0,0.13999999999999968,7.580000000000003,0,1,0,0,0,True
2019-05-07,AIRPORT,12543.0,7.56,17.25,1.72,7.96,7.5,7.5,7.65,0.02,0.2652519893899141,25443,7.55,816,7.6,1023,0.613492731,3.0376376997,4.1256337973,26438.48,8123.29,-66.47,-40.71,-0.25,-0.5,283.021,1733.0,61.57,1281.1,1284.2,-0.68,-2.7,0.4,-1.09,-0.21,0.03,234568.0,96127.0,0.0,0.0,0.15000000000000036,7.56666666666667,0,0,0,1,0,False
2019-05-08,AIRPORT,12112.0,7.3,16.66,1.78,7.96,7.56,7.18,7.56,-0.26,-3.4391534391534417,42620,7.3,9600,7.33,200,0.613492731,3.0376376997,4.1256337973,25965.09,7963.76,-473.39,-159.53,-1.79,-1.96,334.957,2049.0,61.77,1291.6,1290.1,0.37,6.0,4.5,0.6,0.47,0.35,257877.0,131087.0,15.0,-0.05429999999999999,0.3799999999999999,7.466666666666671,0,0,0,0,1,False
2019-05-09,AIRPORT,11946.0,7.2,16.43,1.81,7.96,7.29,7.18,7.29,-0.1,-1.3698630136986245,36147,7.2,15483,7.27,68,0.613492731,3.0376376997,4.1256337973,25965.09,7963.76,-473.39,-159.53,-1.79,-1.96,334.957,2049.0,61.64,1282.4,1290.1,-0.48,1.0,8.7,-0.77,0.08,0.68,233345.0,118772.0,0.0,-0.05429999999999999,0.11000000000000032,7.353333333333338,0,0,1,0,0,False
2019-03-04,GENTING,27642.0,7.13,20.24,3.02,3.96,7.2,7.11,7.23,-0.11,-1.52,48130,7.13,89,7.14,10,0.6082698505,3.0113684797,4.0795785417,26028.28,7615.92,1.96,20.57,0.01,0.27,64.347,675.87,56.81,1293.5,1291.6,0.74,-5.8,-7.7,1.32,-0.45,-0.59,386531.0,138167.0,0.0,0.0,0.1200000000000001,7.13,0,1,0,0,0,False
2019-03-05,GENTING,27565.0,7.11,20.19,3.02,3.96,7.1,7.1,7.22,-0.02,-0.28050490883589907,32716,7.11,567,7.14,231,0.6086764941,3.0090581734,4.0825161511,25819.65,7577.57,-206.67,-17.79,-0.79,-0.23,295.506,2322.0,56.81,1293.5,1291.6,0.74,-5.8,-7.7,1.32,-0.45,-0.59,386531.0,138167.0,0.0,0.0,0.1200000000000001,7.13,0,0,0,1,0,True
2019-03-06,GENTING,27720.0,7.15,20.3,3.01,3.96,7.17,7.15,7.21,0.04,0.5625879043600568,25261,7.15,98,7.17,5977,0.6090669896,3.0112178839,4.087765444,25806.63,7576.36,-109.37,-1.21,-0.42,-0.02,251.285,1968.0,56.81,1293.5,1291.6,0.74,-5.8,-7.7,1.32,-0.45,-0.59,386531.0,138167.0,0.0,0.0,0.05999999999999961,7.13,0,0,0,0,1,False
2019-03-07,GENTING,27604.0,7.12,20.22,3.02,3.96,7.15,7.06,7.16,-0.03,-0.41958041958042314,19191,7.1,25,7.12,21,0.609251334,3.0086929062,4.0910652025,25673.46,7505.92,-133.17,-70.44,-0.52,-0.93,256.25,2044.0,56.81,1293.5,1291.6,0.74,-5.8,-7.7,1.32,-0.45,-0.59,386531.0,138167.0,0.0,0.0,0.10000000000000053,7.126666666666668,0,0,1,0,0,False
2019-03-08,GENTING,27332.0,7.05,20.02,3.05,3.96,7.15,7.05,7.15,-0.07,-0.98314606741573,15901,7.05,1098,7.09,60,0.6081406926,3.008660289,4.087600785,25473.23,7421.46,-200.23,-84.46,-0.78,-1.13,289.144,2197.0,56.81,1293.5,1291.6,0.74,-5.8,-7.7,1.32,-0.45,-0.59,386531.0,138167.0,0.0,0.0,0.10000000000000053,7.106666666666668,1,0,0,0,0,False
2019-03-11,GENTING,27061.0,6.98,19.82,3.08,3.96,7.08,6.97,7.1,-0.07,-0.99290780141843,36911,6.98,409,7.0,25,0.6079265396,3.0086876526,4.0890463132,25554.66,7591.03,-96.22,32.97,-0.38,0.44,317.734,1979.0,56.81,1293.5,1291.6,0.74,-5.8,-7.7,1.32,-0.45,-0.59,386531.0,138167.0,0.0,0.0,0.1299999999999999,7.050000000000002,0,1,0,0,0,True
2019-03-12,GENTING,27177.0,7.01,19.9,2.21,3.96,6.99,6.97,7.03,0.1,0.42979942693408546,27823,6.99,213,7.01,1041,0.6087671079,3.0119035361,4.0841869889,25554.66,7591.03,-96.22,32.97,-0.38,0.44,317.734,1979.0,56.81,1293.5,1291.6,0.74,-5.8,-7.7,1.32,-0.45,-0.59,386531.0,138167.0,0.0,0.0,0.0600000000000005,7.0133333333333345,0,0,0,1,0,False
2019-03-13,GENTING,27177.0,7.01,19.9,2.21,3.96,7.01,6.99,7.05,0.0,0.0,30543,6.99,358,7.01,851,0.6096462753,3.0203313448,4.0887021519,25554.66,7591.03,-96.22,32.97,-0.38,0.44,317.734,1979.0,56.81,1293.5,1291.6,0.74,-5.8,-7.7,1.32,-0.45,-0.59,386531.0,138167.0,0.0,0.0,0.05999999999999961,7.000000000000001,0,0,0,0,1,False
2019-03-14,GENTING,27061.0,6.98,19.82,2.22,3.96,7.05,6.97,7.05,-0.03,-0.42796005706132734,24105,6.98,42,7.01,250,0.6085739847,3.0178107413,4.0911377689,25554.66,7591.03,-96.22,32.97,-0.38,0.44,317.734,1979.0,56.81,1293.5,1291.6,0.74,-5.8,-7.7,1.32,-0.45,-0.59,386531.0,138167.0,0.0,0.0,0.08000000000000007,7.000000000000001,0,0,1,0,0,False
2019-03-15,GENTING,26944.0,6.95,19.73,2.23,3.96,6.98,6.87,6.99,-0.03,-0.42979942693409656,95098,6.93,384,6.95,7006,0.608184695,3.0184258318,4.0835739734,25709.94,7630.91,7.05,-12.5,0.03,-0.16,302.791,2017.0,58.65,1306.0,1293.2,0.13,3.1,-9.7,0.22,0.24,-0.74,48553.0,82259.0,0.0,0.0,0.1200000000000001,6.980000000000001,1,0,0,0,0,True
2019-03-18,GENTING,27255.0,7.03,19.96,2.2,3.96,6.95,6.95,7.06,0.08,1.151079136690658,24626,7.02,89,7.03,20703,0.6081841293,3.0198413408,4.0823586238,26053.3,7744.08,139.2,29.61,0.54,0.38,91.238,836.083,58.65,1306.0,1293.2,0.13,3.1,-9.7,0.22,0.24,-0.74,48553.0,82259.0,0.0,0.0,0.10999999999999943,6.986666666666669,0,1,0,0,0,False
2019-03-19,GENTING,26867.0,6.93,19.68,2.24,3.96,7.0,6.9,7.03,-0.1,-1.422475106685639,37089,6.93,100,6.98,343,0.6073783423,3.01878248,4.0785294534,26053.3,7744.08,139.2,29.61,0.54,0.38,91.238,836.083,59.38,1307.9,1293.2,0.29,6.4,-8.3,0.49,0.49,-0.64,21168.0,95324.0,0.0,0.0,0.1299999999999999,6.970000000000002,0,0,0,1,0,False
2019-03-20,GENTING,26867.0,6.93,19.68,2.24,3.96,6.93,6.9,6.97,0.0,0.0,29238,6.91,326,6.93,1367,0.6069182631,3.008560166,4.0626534454,25887.38,7723.95,-26.72,9.47,-0.1,0.12,342.252,2232.0,58.43,1307.9,1293.2,-0.6,1.4,-13.3,-1.02,0.11,-1.02,2038.0,104168.0,0.0,0.0,0.0699999999999994,6.963333333333336,0,0,0,0,1,False
2019-03-21,GENTING,26789.0,6.91,19.62,2.24,3.96,6.93,6.88,6.96,-0.02,-0.28860028860028253,52442,6.91,7583,6.92,414,0.6043745112,3.0004724225,4.048696558,25887.38,7723.95,-26.72,9.47,-0.1,0.12,342.252,2232.0,59.92,1317.9,1312.6,-0.31,16.2,10.9,-0.51,1.24,0.84,179593.0,130628.0,0.0,0.0,0.08000000000000007,6.923333333333336,0,0,1,0,0,True
2019-03-22,GENTING,26828.0,6.92,19.65,2.24,3.96,6.9,6.85,6.98,0.01,0.14471780028944004,30264,6.91,20,6.92,1857,0.6064429043,3.0136057546,4.0745800783,25962.51,7838.96,216.84,109.99,0.84,1.42,335.254,2258.0,59.21,1311.6,1312.6,-0.77,4.3,5.3,-1.28,0.33,0.41,211142.0,126809.0,0.0,0.0,0.13000000000000078,6.920000000000002,1,0,0,0,0,False
2019-03-25,GENTING,26596.0,6.86,19.48,2.26,3.96,6.92,6.84,6.92,-0.06,-0.8670520231213841,23920,6.86,41,6.89,194,0.6062883443,3.013478704,4.0675994867,25502.32,7642.67,-460.18,-196.29,-1.77,-2.5,386.508,2151.0,58.79,1319.2,1317.0,-0.25,6.9,4.7,-0.42,0.53,0.36,192759.0,101390.0,2.0,0.0,0.08000000000000007,6.896666666666668,0,1,0,0,0,False
2019-03-26,GENTING,26285.0,6.78,19.25,2.29,3.96,6.86,6.78,6.9,-0.08,-1.1661807580174988,20531,6.78,533,6.8,876,0.6072700083,3.0178737033,4.0783022256,25502.32,7642.67,-460.18,-196.29,-1.77,-2.5,386.508,2151.0,58.79,1319.2,1317.0,-0.25,6.9,4.7,-0.42,0.53,0.36,192759.0,101390.0,2.0,0.2732,0.1200000000000001,6.853333333333335,0,0,0,1,0,False
2019-03-27,GENTING,25626.0,6.61,18.77,2.34,3.96,6.78,6.61,6.8,-0.17,-2.507374631268433,42029,6.61,1746,6.68,125,0.6063211478,3.0076570036,4.078938573,25625.59,7643.38,-32.14,-48.15,-0.13,-0.63,270.345,1971.0,59.87,1314.0,1318.5,-0.07,-1.0,3.5,-0.12,-0.08,0.27,183782.0,98009.0,0.0,0.2732,0.1899999999999995,6.750000000000003,0,0,0,0,1,True
2019-03-28,GENTING,25975.0,6.7,19.02,2.31,3.96,6.67,6.64,6.79,0.09,1.3615733736762392,64968,6.7,151,6.75,155,0.6050782688,3.0062706577,4.0774488438,25625.59,7643.38,-32.14,-48.15,-0.13,-0.63,270.345,1971.0,58.61,1299.9,1309.9,-0.8,-10.5,-0.5,-1.35,-0.8,-0.04,253372.0,163405.0,0.0,0.2732,0.15000000000000036,6.696666666666669,0,0,1,0,0,False
2019-03-29,GENTING,25743.0,6.64,18.85,2.33,3.96,6.77,6.57,6.79,-0.06,-0.8955223880597107,84464,6.64,30,6.65,65,0.6078751967,3.0123660151,4.0804998884,25717.46,7669.17,91.87,25.79,0.36,0.34,237.173,1705.0,60.47,1302.2,1309.9,1.17,6.9,20.1,1.97,0.53,1.56,208771.0,129231.0,0.0,0.2732,0.21999999999999975,6.650000000000002,1,0,0,0,0,False
2019-04-01,GENTING,25588.0,6.6,18.74,2.35,3.96,6.69,6.55,6.69,-0.04,-0.6024096385542133,68804,6.6,2377,6.66,150,0.6082048717,3.0132423505,4.0820879532,26258.42,7828.91,329.74,99.59,1.27,1.29,295.567,1967.0,60.18,1290.8,1309.9,0.88,1.0,16.9,1.48,0.13,1.31,189320.0,110954.0,0.0,0.09334285714285714,0.14000000000000057,6.646666666666668,0,1,0,0,0,True
2019-04-02,GENTING,25975.0,6.7,19.02,2.31,3.96,6.66,6.63,6.72,0.1,1.5151515151515138,28583,6.7,742,6.71,121,0.6080957671,3.0137840728,4.0805450147,26258.42,7828.91,329.74,99.59,1.27,1.29,295.567,1967.0,61.83,1293.7,1309.9,0.24,-0.5,21.5,0.39,-0.04,1.67,220361.0,104417.0,0.0,0.09334285714285714,0.08999999999999986,6.646666666666668,0,0,0,1,0,True
2019-04-03,GENTING,26944.0,6.95,19.73,3.09,3.96,6.75,6.73,6.96,0.25,3.731343283582089,38519,6.94,200,6.96,113,0.6080957671,3.0137840728,4.0805450147,26179.13,7848.69,-79.29,19.78,-0.3,0.25,250.935,1932.0,62.64,1296.8,1309.9,0.06,1.4,19.9,0.1,0.11,1.54,183223.0,92515.0,0.0,0.09334285714285714,0.22999999999999954,6.750000000000001,0,0,0,0,1,False
2019-04-04,GENTING,26363.0,6.8,19.31,3.16,3.96,6.9,6.77,6.9,-0.15,-2.158273381294973,35810,6.79,22,6.8,9633,0.6074766071,3.012697203,4.0809449314,26218.13,7895.55,39.03,46.86,0.15,0.6,271.975,2252.0,62.53,1287.8,1309.9,0.07,-7.5,20.0,0.11,-0.58,1.55,170284.0,109313.0,0.0,0.15673076923076923,0.13000000000000078,6.816666666666667,0,0,1,0,0,False
2019-04-05,GENTING,26285.0,6.78,19.25,3.17,3.96,6.8,6.77,6.83,-0.02,-0.2941176470588225,18442,6.78,160,6.8,20,0.6087777954,3.0174568046,4.0898283228,26218.13,7895.55,39.03,46.86,0.15,0.6,271.975,2252.0,62.17,1290.2,1309.9,0.07,-4.1,20.9,0.11,-0.32,1.62,168016.0,112781.0,0.0,0.40020000000000006,0.0600000000000005,6.843333333333335,1,0,0,0,0,True
2019-04-08,GENTING,26479.0,6.83,19.39,3.15,3.96,6.8,6.8,6.85,0.05,0.7374631268436627,29009,6.81,33,6.83,76,0.6104952499,3.0265096661,4.1000549165,26341.02,7953.88,-83.97,15.19,-0.32,0.19,229.38,1910.0,63.26,1307.0,1309.9,0.18,11.4,19.5,0.29,0.88,1.51,158186.0,99985.0,0.0,-0.26335,0.04999999999999982,6.8033333333333355,0,1,0,0,0,False
2019-04-09,GENTING,26479.0,6.83,19.39,3.15,3.96,6.83,6.81,6.84,0.0,0.0,19744,6.81,100,6.83,1025,0.6109001513,3.0297752754,4.1003788797,26341.02,7953.88,-83.97,15.19,-0.32,0.19,229.38,1910.0,64.15,1308.4,1309.9,-0.25,6.5,12.8,-0.39,0.5,0.99,184629.0,107428.0,0.0,-0.26335,0.03000000000000025,6.813333333333336,0,0,0,1,0,False
2019-04-10,GENTING,26324.0,6.79,19.28,3.17,3.96,6.82,6.75,6.82,-0.04,-0.5856515373352855,22215,6.78,589,6.79,170,0.6121439787,3.0402317881,4.1109424635,26150.58,7909.28,-190.44,-44.61,-0.72,-0.56,244.408,1971.0,64.3,1306.7,1309.9,0.32,-1.6,6.4,0.5,-0.12,0.49,162172.0,87954.0,0.0,-0.26335,0.07000000000000028,6.816666666666669,0,0,0,0,1,False
2019-04-11,GENTING,25898.0,6.68,18.97,3.22,3.96,6.79,6.68,6.8,-0.11,-1.6200294550810068,23348,6.68,2869,6.72,275,0.6143716792,3.0451745128,4.1283613845,26157.16,7964.24,6.56,54.96,0.03,0.69,203.125,1845.0,63.89,1300.3,1309.9,-0.72,-13.6,0.8,-1.11,-1.04,0.06,212507.0,133525.0,0.0,-0.26335,0.1200000000000001,6.766666666666668,0,0,1,0,0,True
2019-04-12,GENTING,25975.0,6.7,19.02,3.21,3.96,6.7,6.69,6.77,0.02,0.29940119760478723,20487,6.7,158,6.71,62,0.6138528865,3.041826472,4.1155531259,26143.05,7947.36,-14.11,-16.88,-0.05,-0.21,210.796,1808.0,64.5,1295.3,1309.9,0.92,2.0,21.3,1.45,0.15,1.65,180575.0,101767.0,0.0,-0.26335,0.07999999999999918,6.723333333333334,1,0,0,0,0,False
2019-04-15,GENTING,25936.0,6.69,18.99,3.21,3.96,6.7,6.68,6.76,-0.01,-0.14925373134327957,15201,6.69,317,6.7,60,0.6134004609,3.0425270834,4.1147933062,26412.3,7984.16,269.2,36.8,1.03,0.46,369.908,1791.0,63.39,1286.8,1309.9,-0.5,-8.4,19.3,-0.78,-0.65,1.5,151490.0,121674.0,0.0,-0.21075,0.08000000000000007,6.690000000000001,0,1,0,0,0,True
2019-04-16,GENTING,26130.0,6.74,19.14,3.19,3.96,6.69,6.68,6.78,0.05,0.7473841554558991,25709,6.72,15,6.74,156,0.6153762981,3.0500761518,4.1304003074,26384.77,7976.01,-27.53,-8.15,-0.1,-0.1,250.622,1672.0,63.65,1282.9,1309.9,0.25,-8.4,23.1,0.39,-0.65,1.8,154963.0,128250.0,1.0,-0.21075,0.10000000000000053,6.710000000000001,0,0,0,1,0,True
2019-04-17,GENTING,26169.0,6.75,19.17,3.19,3.96,6.72,6.65,6.75,0.01,0.14836795252224366,26631,6.69,74,6.75,30,0.6183668499,3.0568317715,4.1358373536,26384.77,7976.01,-27.53,-8.15,-0.1,-0.1,250.622,1672.0,64.43,1278.3,1276.9,0.38,1.1,-0.3,0.59,0.09,-0.02,61593.0,116017.0,0.0,-0.21075,0.09999999999999964,6.7266666666666675,0,0,0,0,1,False
2019-04-18,GENTING,26130.0,6.74,19.14,3.19,3.96,6.77,6.67,6.77,-0.01,-0.1481481481481417,29478,6.72,44,6.74,100,0.6196186086,3.0654146961,4.1570396897,26449.54,7996.08,-3.12,-4.15,-0.01,-0.05,367.776,2116.0,63.99,1276.2,1309.9,0.23,-0.6,37.7,0.36,-0.05,2.96,32622.0,129327.0,0.0,0.06634999999999999,0.09999999999999964,6.743333333333333,0,0,1,0,0,True
2019-04-19,GENTING,26285.0,6.78,19.25,3.17,3.96,6.74,6.71,6.79,0.04,0.5934718100890191,17133,6.78,69,6.79,695,0.6178393881,3.0567628093,4.1432012673,26449.54,7996.08,-3.12,-4.15,-0.01,-0.05,367.776,2116.0,64.0,1277.9,1276.9,0.0,1.9,0.9,0.0,0.15,0.07,114864.0,219695.0,0.0,0.2654666666666667,0.08000000000000007,6.756666666666668,1,0,0,0,0,True
2019-04-22,GENTING,26324.0,6.79,19.28,3.17,3.96,6.78,6.78,6.84,0.01,0.1474926253687281,30718,6.79,154,6.81,50,0.616751258,3.0494159453,4.1363880704,26559.54,7998.06,110.04,1.98,0.42,0.02,332.851,1890.0,65.39,1279.1,1276.9,1.39,3.1,0.9,2.17,0.24,0.07,4483.0,70618.0,0.0,0.2654666666666667,0.05999999999999961,6.7700000000000005,0,1,0,0,0,True
2019-04-23,GENTING,26402.0,6.81,19.34,3.16,3.96,6.8,6.79,6.82,0.02,0.2945508100147265,13917,6.81,1374,6.82,6862,0.613492731,3.0376376997,4.1256337973,26511.05,8015.27,-48.49,17.21,-0.18,0.22,232.571,1632.0,65.64,1270.4,1276.9,0.09,-7.2,-0.7,0.14,-0.56,-0.05,198287.0,113801.0,0.0,0.2023,0.03000000000000025,6.793333333333334,0,0,0,1,0,True
2019-04-24,GENTING,26596.0,6.86,19.48,3.13,3.96,6.81,6.81,6.87,0.05,0.7342143906020615,34770,6.85,1092,6.86,38,0.613492731,3.0376376997,4.1256337973,26656.39,8120.82,145.34,105.56,0.55,1.32,311.691,1909.0,66.34,1274.6,1276.9,0.04,1.4,3.7,0.06,0.11,0.29,177714.0,99941.0,0.0,0.2023,0.0600000000000005,6.82,0,0,0,0,1,True
2019-04-25,GENTING,27332.0,7.05,20.02,3.05,3.96,6.88,6.86,7.07,0.19,2.7696793002915276,52807,7.01,10,7.05,3878,0.613492731,3.0376376997,4.1256337973,26597.05,8102.01,-59.34,-18.81,-0.22,-0.23,283.374,1863.0,66.05,1279.0,1276.9,0.16,-0.4,-2.5,0.24,-0.03,-0.2,178062.0,96689.0,0.0,0.2023,0.20999999999999996,6.906666666666667,0,0,1,0,0,False
2019-04-26,GENTING,27138.0,7.0,19.88,3.07,3.96,7.04,6.97,7.04,-0.05,-0.7092198581560294,19035,7.0,308,7.01,10,0.613492731,3.0376376997,4.1256337973,26462.08,8118.68,-134.97,16.67,-0.51,0.21,296.728,1863.0,64.02,1285.3,1276.9,-1.19,5.6,-2.8,-1.82,0.44,-0.22,267605.0,120703.0,0.0,0.2023,0.07000000000000028,6.9700000000000015,1,0,0,0,0,True
2019-04-29,GENTING,27332.0,7.05,20.02,3.05,3.96,7.0,6.95,7.05,0.05,0.7142857142857117,25069,7.01,71,7.05,2027,0.613492731,3.0376376997,4.1256337973,26543.33,8146.4,81.23,27.72,0.31,0.34,317.288,1830.0,63.06,1284.2,1276.9,-0.24,-4.6,-11.9,-0.38,-0.36,-0.92,209032.0,104283.0,0.0,0.2023,0.09999999999999964,7.033333333333335,0,1,0,0,0,False
2019-04-30,GENTING,27293.0,7.04,19.99,3.05,3.96,7.0,7.0,7.05,-0.01,-0.14184397163120588,34998,7.01,850,7.04,736,0.613492731,3.0376376997,4.1256337973,26554.39,8161.85,11.06,15.46,0.04,0.19,279.446,1634.0,64.71,1283.2,1276.9,1.21,1.7,-4.6,1.91,0.13,-0.36,222839.0,105504.0,0.0,0.2023,0.04999999999999982,7.030000000000001,0,0,0,1,0,False
2019-05-01,GENTING,27293.0,7.04,19.99,3.05,3.96,7.0,7.0,7.05,-0.01,0.0,34998,7.01,850,7.04,736,0.613492731,3.0376376997,4.1256337973,26592.91,8095.39,38.52,-66.47,0.15,-0.81,340.317,1932.0,63.33,1282.4,1276.9,-0.58,-3.3,-8.8,-0.91,-0.26,-0.68,180659.0,83560.0,0.0,0.2023,0.04999999999999982,7.043333333333334,0,0,0,0,1,False
2019-05-02,GENTING,27177.0,7.01,19.9,3.07,3.96,7.05,6.95,7.05,-0.03,-0.42613636363636465,22795,6.98,256,7.01,10,0.613492731,3.0376376997,4.1256337973,26430.14,8049.64,-162.77,-45.75,-0.61,-0.57,303.847,2040.0,62.44,1271.4,1276.9,-1.16,-12.8,-7.3,-1.82,-1.0,-0.57,219243.0,132064.0,0.0,0.2023,0.09999999999999964,7.03,0,0,1,0,0,False
2019-05-03,GENTING,26712.0,6.89,19.56,3.12,3.96,6.98,6.86,6.99,-0.12,-1.7118402282453649,25365,6.89,2742,6.9,10,0.613492731,3.0376376997,4.1256337973,26430.14,8049.64,-162.77,-45.75,-0.61,-0.57,303.847,2040.0,62.06,1274.8,1276.9,0.25,2.8,4.9,0.4,0.22,0.39,196847.0,100894.0,0.0,0.2023,0.1299999999999999,6.98,1,0,0,0,0,False
2019-05-06,GENTING,26712.0,6.89,19.56,3.12,3.96,6.85,6.85,6.92,0.0,0.0,12416,6.89,1,6.9,103,0.613492731,3.0376376997,4.1256337973,26438.48,8123.29,-66.47,-40.71,-0.25,-0.5,283.021,1733.0,61.24,1279.0,1284.2,-0.7,-2.3,2.9,-1.13,-0.18,0.23,283145.0,134279.0,1.0,0.2023,0.07000000000000028,6.930000000000001,0,1,0,0,0,True
2019-05-07,GENTING,26751.0,6.9,19.59,3.12,3.96,6.86,6.86,6.95,0.01,0.14513788098695635,14586,6.9,1279,6.92,2,0.613492731,3.0376376997,4.1256337973,26438.48,8123.29,-66.47,-40.71,-0.25,-0.5,283.021,1733.0,61.57,1281.1,1284.2,-0.68,-2.7,0.4,-1.09,-0.21,0.03,234568.0,96127.0,0.0,0.2023,0.08999999999999986,6.893333333333335,0,0,0,1,0,False
2019-05-08,GENTING,26557.0,6.85,19.45,3.14,3.96,6.94,6.81,6.94,-0.05,-0.7246376811594346,17018,6.85,815,6.86,20,0.613492731,3.0376376997,4.1256337973,25965.09,7963.76,-473.39,-159.53,-1.79,-1.96,334.957,2049.0,61.77,1291.6,1290.1,0.37,6.0,4.5,0.6,0.47,0.35,257877.0,131087.0,15.0,0.2023,0.13000000000000078,6.880000000000003,0,0,0,0,1,False
2019-05-09,GENTING,26208.0,6.76,19.19,3.18,3.96,6.83,6.71,6.92,-0.09,-1.31386861313868,33651,6.74,18,6.76,177,0.613492731,3.0376376997,4.1256337973,25965.09,7963.76,-473.39,-159.53,-1.79,-1.96,334.957,2049.0,61.64,1282.4,1290.1,-0.48,1.0,8.7,-0.77,0.08,0.68,233345.0,118772.0,0.0,-0.5106,0.20999999999999996,6.836666666666669,0,0,1,0,0,False
2019-03-04,GAMUDA,7232.0,2.93,14.97,4.1,6.19,2.87,2.85,2.93,0.01,0.34,50819,2.9,502,2.93,157,0.6082698505,3.0113684797,4.0795785417,26028.28,7615.92,1.96,20.57,0.01,0.27,64.347,675.87,56.81,1293.5,1291.6,0.74,-5.8,-7.7,1.32,-0.45,-0.59,386531.0,138167.0,0.0,0.0,0.08000000000000007,2.9633333333333334,0,1,0,0,0,True
2019-03-05,GAMUDA,7330.0,2.97,15.18,4.04,6.19,2.88,2.88,3.0,0.04,1.3651877133105783,96120,2.97,8451,2.98,2990,0.6086764941,3.0090581734,4.0825161511,25819.65,7577.57,-206.67,-17.79,-0.79,-0.23,295.506,2322.0,56.81,1293.5,1291.6,0.74,-5.8,-7.7,1.32,-0.45,-0.59,386531.0,138167.0,0.0,0.0,0.1200000000000001,2.9633333333333334,0,0,0,1,0,True
2019-03-06,GAMUDA,7380.0,2.99,15.28,4.01,6.19,2.97,2.96,3.01,0.02,0.6734006734006703,38800,2.96,100,2.99,4276,0.6090669896,3.0112178839,4.087765444,25806.63,7576.36,-109.37,-1.21,-0.42,-0.02,251.285,1968.0,56.81,1293.5,1291.6,0.74,-5.8,-7.7,1.32,-0.45,-0.59,386531.0,138167.0,0.0,0.0,0.04999999999999982,2.9633333333333334,0,0,0,0,1,False
2019-03-07,GAMUDA,7380.0,2.99,15.28,4.01,6.19,2.96,2.96,3.0,0.0,0.0,44288,2.98,18086,2.99,4532,0.609251334,3.0086929062,4.0910652025,25673.46,7505.92,-133.17,-70.44,-0.52,-0.93,256.25,2044.0,56.81,1293.5,1291.6,0.74,-5.8,-7.7,1.32,-0.45,-0.59,386531.0,138167.0,0.0,0.0,0.040000000000000036,2.983333333333334,0,0,1,0,0,False
2019-03-08,GAMUDA,7355.0,2.98,15.23,4.03,6.19,2.98,2.95,2.99,-0.01,-0.33444816053512794,39390,2.97,9075,2.98,3949,0.6081406926,3.008660289,4.087600785,25473.23,7421.46,-200.23,-84.46,-0.78,-1.13,289.144,2197.0,56.81,1293.5,1291.6,0.74,-5.8,-7.7,1.32,-0.45,-0.59,386531.0,138167.0,0.0,0.0,0.040000000000000036,2.986666666666667,1,0,0,0,0,False
2019-03-11,GAMUDA,7306.0,2.96,15.13,4.05,6.19,2.99,2.96,2.99,-0.02,-0.6711409395973145,36943,2.95,1526,2.97,1384,0.6079265396,3.0086876526,4.0890463132,25554.66,7591.03,-96.22,32.97,-0.38,0.44,317.734,1979.0,56.81,1293.5,1291.6,0.74,-5.8,-7.7,1.32,-0.45,-0.59,386531.0,138167.0,0.0,0.0,0.03000000000000025,2.976666666666667,0,1,0,0,0,False
2019-03-12,GAMUDA,7306.0,2.96,15.13,4.05,6.19,2.96,2.95,2.98,0.0,0.0,54119,2.96,6359,2.97,418,0.6087671079,3.0119035361,4.0841869889,25554.66,7591.03,-96.22,32.97,-0.38,0.44,317.734,1979.0,56.81,1293.5,1291.6,0.74,-5.8,-7.7,1.32,-0.45,-0.59,386531.0,138167.0,0.0,0.0,0.029999999999999805,2.966666666666667,0,0,0,1,0,False
2019-03-13,GAMUDA,7158.0,2.9,14.82,4.14,6.19,2.96,2.9,2.98,-0.06,-2.0270270270270285,48840,2.89,787,2.9,549,0.6096462753,3.0203313448,4.0887021519,25554.66,7591.03,-96.22,32.97,-0.38,0.44,317.734,1979.0,56.81,1293.5,1291.6,0.74,-5.8,-7.7,1.32,-0.45,-0.59,386531.0,138167.0,0.0,0.0,0.08000000000000007,2.94,0,0,0,0,1,False
2019-03-14,GAMUDA,7133.0,2.89,14.77,4.15,6.19,2.9,2.83,2.93,-0.01,-0.34482758620688614,49351,2.89,20318,2.9,114,0.6085739847,3.0178107413,4.0911377689,25554.66,7591.03,-96.22,32.97,-0.38,0.44,317.734,1979.0,56.81,1293.5,1291.6,0.74,-5.8,-7.7,1.32,-0.45,-0.59,386531.0,138167.0,0.0,0.0,0.10000000000000009,2.9166666666666665,0,0,1,0,0,True
2019-03-15,GAMUDA,7207.0,2.92,14.92,4.11,6.19,2.89,2.89,2.95,0.03,1.038062283737018,92928,2.91,665,2.92,10108,0.608184695,3.0184258318,4.0835739734,25709.94,7630.91,7.05,-12.5,0.03,-0.16,302.791,2017.0,58.65,1306.0,1293.2,0.13,3.1,-9.7,0.22,0.24,-0.74,48553.0,82259.0,0.0,0.0,0.06000000000000005,2.9033333333333338,1,0,0,0,0,True
2019-03-18,GAMUDA,7232.0,2.93,14.97,4.1,6.19,2.9,2.9,2.95,0.01,0.34246575342467,57614,2.92,260,2.93,9,0.6081841293,3.0198413408,4.0823586238,26053.3,7744.08,139.2,29.61,0.54,0.38,91.238,836.083,58.65,1306.0,1293.2,0.13,3.1,-9.7,0.22,0.24,-0.74,48553.0,82259.0,0.0,0.0,0.050000000000000266,2.9133333333333336,0,1,0,0,0,False
2019-03-19,GAMUDA,7133.0,2.89,14.77,4.15,6.19,2.93,2.87,2.93,-0.04,-1.3651877133105783,13406,2.89,1,2.92,445,0.6073783423,3.01878248,4.0785294534,26053.3,7744.08,139.2,29.61,0.54,0.38,91.238,836.083,59.38,1307.9,1293.2,0.29,6.4,-8.3,0.49,0.49,-0.64,21168.0,95324.0,0.0,0.2732,0.06000000000000005,2.9133333333333336,0,0,0,1,0,False
2019-03-20,GAMUDA,7084.0,2.87,14.67,4.18,6.19,2.89,2.85,2.89,-0.02,-0.692041522491349,31390,2.87,502,2.88,191,0.6069182631,3.008560166,4.0626534454,25887.38,7723.95,-26.72,9.47,-0.1,0.12,342.252,2232.0,58.43,1307.9,1293.2,-0.6,1.4,-13.3,-1.02,0.11,-1.02,2038.0,104168.0,0.0,0.2732,0.040000000000000036,2.8966666666666665,0,0,0,0,1,True
2019-03-21,GAMUDA,7232.0,2.93,14.97,4.1,6.19,2.87,2.85,2.93,0.06,2.0905923344947785,26177,2.9,124,2.93,5015,0.6043745112,3.0004724225,4.048696558,25887.38,7723.95,-26.72,9.47,-0.1,0.12,342.252,2232.0,59.92,1317.9,1312.6,-0.31,16.2,10.9,-0.51,1.24,0.84,179593.0,130628.0,0.0,0.0,0.08000000000000007,2.8966666666666665,0,0,1,0,0,False
2019-03-22,GAMUDA,7133.0,2.89,14.77,4.15,6.19,2.93,2.87,2.93,-0.04,-1.3651877133105783,43435,2.89,17694,2.9,4149,0.6064429043,3.0136057546,4.0745800783,25962.51,7838.96,216.84,109.99,0.84,1.42,335.254,2258.0,59.21,1311.6,1312.6,-0.77,4.3,5.3,-1.28,0.33,0.41,211142.0,126809.0,0.0,0.0,0.06000000000000005,2.8966666666666665,1,0,0,0,0,False
2019-03-25,GAMUDA,7010.0,2.84,14.51,4.23,6.19,2.86,2.81,2.88,-0.05,-1.730103806228378,36454,2.83,73,2.84,25998,0.6062883443,3.013478704,4.0675994867,25502.32,7642.67,-460.18,-196.29,-1.77,-2.5,386.508,2151.0,58.79,1319.2,1317.0,-0.25,6.9,4.7,-0.42,0.53,0.36,192759.0,101390.0,2.0,0.0,0.06999999999999984,2.8866666666666667,0,1,0,0,0,False
2019-03-26,GAMUDA,7010.0,2.84,14.51,4.23,6.19,2.84,2.84,2.87,0.0,0.0,22161,2.83,327,2.84,9981,0.6072700083,3.0178737033,4.0783022256,25502.32,7642.67,-460.18,-196.29,-1.77,-2.5,386.508,2151.0,58.79,1319.2,1317.0,-0.25,6.9,4.7,-0.42,0.53,0.36,192759.0,101390.0,2.0,0.0,0.03000000000000025,2.856666666666667,0,0,0,1,0,False
2019-03-27,GAMUDA,6911.0,2.8,15.54,4.29,5.68,2.85,2.8,2.86,-0.04,-1.4084507042253502,33622,2.79,152,2.8,1009,0.6063211478,3.0076570036,4.078938573,25625.59,7643.38,-32.14,-48.15,-0.13,-0.63,270.345,1971.0,59.87,1314.0,1318.5,-0.07,-1.0,3.5,-0.12,-0.08,0.27,183782.0,98009.0,0.0,0.0,0.06000000000000005,2.8266666666666667,0,0,0,0,1,True
2019-03-28,GAMUDA,7010.0,2.84,15.76,4.23,5.68,2.8,2.79,2.89,0.04,1.4285714285714235,48405,2.84,3195,2.85,1960,0.6050782688,3.0062706577,4.0774488438,25625.59,7643.38,-32.14,-48.15,-0.13,-0.63,270.345,1971.0,58.61,1299.9,1309.9,-0.8,-10.5,-0.5,-1.35,-0.8,-0.04,253372.0,163405.0,0.0,-0.07955,0.10000000000000009,2.8266666666666667,0,0,1,0,0,True
2019-03-29,GAMUDA,7108.0,2.88,15.98,4.17,5.68,2.89,2.84,2.92,0.04,1.4084507042253502,57234,2.84,1200,2.88,9787,0.6078751967,3.0123660151,4.0804998884,25717.46,7669.17,91.87,25.79,0.36,0.34,237.173,1705.0,60.47,1302.2,1309.9,1.17,6.9,20.1,1.97,0.53,1.56,208771.0,129231.0,0.0,0.1856,0.08000000000000007,2.84,1,0,0,0,0,True
2019-04-01,GAMUDA,7158.0,2.9,16.09,4.14,5.68,2.88,2.86,2.91,0.02,0.694444444444442,42983,2.89,3160,2.9,4568,0.6082048717,3.0132423505,4.0820879532,26258.42,7828.91,329.74,99.59,1.27,1.29,295.567,1967.0,60.18,1290.8,1309.9,0.88,1.0,16.9,1.48,0.13,1.31,189320.0,110954.0,0.0,0.101,0.050000000000000266,2.8733333333333335,0,1,0,0,0,False
2019-04-02,GAMUDA,7158.0,2.9,16.09,4.14,5.68,2.9,2.89,2.93,0.0,0.0,31949,2.89,85,2.9,1937,0.6080957671,3.0137840728,4.0805450147,26258.42,7828.91,329.74,99.59,1.27,1.29,295.567,1967.0,61.83,1293.7,1309.9,0.24,-0.5,21.5,0.39,-0.04,1.67,220361.0,104417.0,0.0,0.101,0.040000000000000036,2.893333333333334,0,0,0,1,0,True
2019-04-03,GAMUDA,7429.0,3.01,16.7,3.99,5.68,2.91,2.89,3.02,0.11,3.7931034482758585,63246,3.01,46,3.02,680,0.6080957671,3.0137840728,4.0805450147,26179.13,7848.69,-79.29,19.78,-0.3,0.25,250.935,1932.0,62.64,1296.8,1309.9,0.06,1.4,19.9,0.1,0.11,1.54,183223.0,92515.0,0.0,0.4588,0.1299999999999999,2.9366666666666674,0,0,0,0,1,True
2019-04-04,GAMUDA,7577.0,3.07,17.04,3.91,5.68,3.0,2.98,3.07,0.06,1.9933554817275656,51584,3.05,2174,3.07,545,0.6074766071,3.012697203,4.0809449314,26218.13,7895.55,39.03,46.86,0.15,0.6,271.975,2252.0,62.53,1287.8,1309.9,0.07,-7.5,20.0,0.11,-0.58,1.55,170284.0,109313.0,0.0,0.0,0.08999999999999986,2.993333333333334,0,0,1,0,0,True
2019-04-05,GAMUDA,7651.0,3.1,17.2,3.87,5.68,3.08,3.03,3.1,0.03,0.9771986970684043,14246,3.09,141,3.1,411,0.6087777954,3.0174568046,4.0898283228,26218.13,7895.55,39.03,46.86,0.15,0.6,271.975,2252.0,62.17,1290.2,1309.9,0.07,-4.1,20.9,0.11,-0.32,1.62,168016.0,112781.0,0.0,0.0,0.07000000000000028,3.0600000000000005,1,0,0,0,0,True
2019-04-08,GAMUDA,8022.0,3.25,18.04,3.69,5.68,3.13,3.13,3.28,0.15,4.8387096774193505,128410,3.25,972,3.26,3058,0.6104952499,3.0265096661,4.1000549165,26341.02,7953.88,-83.97,15.19,-0.32,0.19,229.38,1910.0,63.26,1307.0,1309.9,0.18,11.4,19.5,0.29,0.88,1.51,158186.0,99985.0,0.0,0.21075,0.1499999999999999,3.1400000000000006,0,1,0,0,0,True
2019-04-09,GAMUDA,8096.0,3.28,18.2,3.66,5.68,3.25,3.22,3.3,0.03,0.9230769230769154,53541,3.27,3000,3.28,4267,0.6109001513,3.0297752754,4.1003788797,26341.02,7953.88,-83.97,15.19,-0.32,0.19,229.38,1910.0,64.15,1308.4,1309.9,-0.25,6.5,12.8,-0.39,0.5,0.99,184629.0,107428.0,0.0,0.0,0.07999999999999963,3.2100000000000004,0,0,0,1,0,True
2019-04-10,GAMUDA,8145.0,3.3,18.31,3.64,5.68,3.28,3.23,3.3,0.02,0.6097560975609762,46591,3.29,956,3.3,2154,0.6121439787,3.0402317881,4.1109424635,26150.58,7909.28,-190.44,-44.61,-0.72,-0.56,244.408,1971.0,64.3,1306.7,1309.9,0.32,-1.6,6.4,0.5,-0.12,0.49,162172.0,87954.0,0.0,-0.1366,0.06999999999999984,3.276666666666667,0,0,0,0,1,False
2019-04-11,GAMUDA,8022.0,3.25,18.04,3.69,5.68,3.3,3.24,3.35,-0.05,-1.5151515151515138,29857,3.24,50,3.25,4515,0.6143716792,3.0451745128,4.1283613845,26157.16,7964.24,6.56,54.96,0.03,0.69,203.125,1845.0,63.89,1300.3,1309.9,-0.72,-13.6,0.8,-1.11,-1.04,0.06,212507.0,133525.0,0.0,0.0,0.10999999999999988,3.276666666666667,0,0,1,0,0,False
2019-04-12,GAMUDA,7874.0,3.19,17.7,3.76,5.68,3.26,3.16,3.3,-0.06,-1.846153846153853,76470,3.18,110,3.19,338,0.6138528865,3.041826472,4.1155531259,26143.05,7947.36,-14.11,-16.88,-0.05,-0.21,210.796,1808.0,64.5,1295.3,1309.9,0.92,2.0,21.3,1.45,0.15,1.65,180575.0,101767.0,0.0,0.0,0.13999999999999968,3.2466666666666666,1,0,0,0,0,False
2019-04-15,GAMUDA,7725.0,3.13,17.37,3.83,5.68,3.19,3.1,3.19,-0.06,-1.8808777429467072,37154,3.1,1092,3.13,22145,0.6134004609,3.0425270834,4.1147933062,26412.3,7984.16,269.2,36.8,1.03,0.46,369.908,1791.0,63.39,1286.8,1309.9,-0.5,-8.4,19.3,-0.78,-0.65,1.5,151490.0,121674.0,0.0,0.2023,0.08999999999999986,3.19,0,1,0,0,0,False
2019-04-16,GAMUDA,7725.0,3.13,17.37,3.83,5.68,3.14,3.12,3.15,0.0,0.0,29216,3.12,422,3.13,13368,0.6153762981,3.0500761518,4.1304003074,26384.77,7976.01,-27.53,-8.15,-0.1,-0.1,250.622,1672.0,63.65,1282.9,1309.9,0.25,-8.4,23.1,0.39,-0.65,1.8,154963.0,128250.0,1.0,0.4588,0.029999999999999805,3.15,0,0,0,1,0,False
2019-04-17,GAMUDA,7602.0,3.08,17.09,3.9,5.68,3.15,3.04,3.16,-0.05,-1.5974440894568676,34375,3.07,298,3.08,4952,0.6183668499,3.0568317715,4.1358373536,26384.77,7976.01,-27.53,-8.15,-0.1,-0.1,250.622,1672.0,64.43,1278.3,1276.9,0.38,1.1,-0.3,0.59,0.09,-0.02,61593.0,116017.0,0.0,0.4588,0.1200000000000001,3.1133333333333333,0,0,0,0,1,False
2019-04-18,GAMUDA,7602.0,3.08,17.09,3.9,5.68,3.08,3.02,3.09,0.0,0.0,69044,3.07,423,3.08,4136,0.6196186086,3.0654146961,4.1570396897,26449.54,7996.08,-3.12,-4.15,-0.01,-0.05,367.776,2116.0,63.99,1276.2,1309.9,0.23,-0.6,37.7,0.36,-0.05,2.96,32622.0,129327.0,0.0,0.4588,0.06999999999999984,3.0966666666666662,0,0,1,0,0,False
2019-04-19,GAMUDA,7602.0,3.08,17.09,3.9,5.68,3.07,3.05,3.09,0.0,0.0,23374,3.07,5194,3.08,15339,0.6178393881,3.0567628093,4.1432012673,26449.54,7996.08,-3.12,-4.15,-0.01,-0.05,367.776,2116.0,64.0,1277.9,1276.9,0.0,1.9,0.9,0.0,0.15,0.07,114864.0,219695.0,0.0,0.4588,0.040000000000000036,3.0799999999999996,1,0,0,0,0,True
2019-04-22,GAMUDA,8268.0,3.35,18.59,3.58,5.68,3.13,3.13,3.37,0.27,8.766233766233778,145093,3.35,9512,3.36,179,0.616751258,3.0494159453,4.1363880704,26559.54,7998.06,110.04,1.98,0.42,0.02,332.851,1890.0,65.39,1279.1,1276.9,1.39,3.1,0.9,2.17,0.24,0.07,4483.0,70618.0,0.0,0.0,0.2400000000000002,3.1699999999999995,0,1,0,0,0,True
2019-04-23,GAMUDA,8293.0,3.36,18.65,3.57,5.68,3.35,3.34,3.41,0.01,0.29850746268655914,108924,3.36,1555,3.37,925,0.613492731,3.0376376997,4.1256337973,26511.05,8015.27,-48.49,17.21,-0.18,0.22,232.571,1632.0,65.64,1270.4,1276.9,0.09,-7.2,-0.7,0.14,-0.56,-0.05,198287.0,113801.0,0.0,0.0,0.07000000000000028,3.2633333333333323,0,0,0,1,0,True
2019-04-24,GAMUDA,8442.0,3.42,18.98,3.51,5.68,3.36,3.36,3.43,0.06,1.7857142857142794,65582,3.42,1974,3.43,1133,0.613492731,3.0376376997,4.1256337973,26656.39,8120.82,145.34,105.56,0.55,1.32,311.691,1909.0,66.34,1274.6,1276.9,0.04,1.4,3.7,0.06,0.11,0.29,177714.0,99941.0,0.0,0.0,0.07000000000000028,3.3766666666666656,0,0,0,0,1,True
2019-04-25,GAMUDA,8541.0,3.46,19.2,3.47,5.68,3.42,3.42,3.47,0.04,1.1695906432748648,29005,3.45,3954,3.46,20,0.613492731,3.0376376997,4.1256337973,26597.05,8102.01,-59.34,-18.81,-0.22,-0.23,283.374,1863.0,66.05,1279.0,1276.9,0.16,-0.4,-2.5,0.24,-0.03,-0.2,178062.0,96689.0,0.0,0.0,0.050000000000000266,3.413333333333332,0,0,1,0,0,True
2019-04-26,GAMUDA,8763.0,3.55,19.7,3.38,5.68,3.48,3.44,3.58,0.09,2.6011560693641522,51142,3.55,2355,3.56,157,0.613492731,3.0376376997,4.1256337973,26462.08,8118.68,-134.97,16.67,-0.51,0.21,296.728,1863.0,64.02,1285.3,1276.9,-1.19,5.6,-2.8,-1.82,0.44,-0.22,267605.0,120703.0,0.0,0.0,0.14000000000000012,3.4766666666666652,1,0,0,0,0,False
2019-04-29,GAMUDA,8664.0,3.51,19.48,3.42,5.68,3.52,3.47,3.53,-0.04,-1.1267605633802802,31091,3.51,16544,3.52,50,0.613492731,3.0376376997,4.1256337973,26543.33,8146.4,81.23,27.72,0.31,0.34,317.288,1830.0,63.06,1284.2,1276.9,-0.24,-4.6,-11.9,-0.38,-0.36,-0.92,209032.0,104283.0,0.0,0.0,0.05999999999999961,3.5066666666666655,0,1,0,0,0,False
2019-04-30,GAMUDA,8640.0,3.5,19.42,3.43,5.68,3.5,3.47,3.53,-0.01,-0.2849002849002802,77768,3.49,100,3.5,66107,0.613492731,3.0376376997,4.1256337973,26554.39,8161.85,11.06,15.46,0.04,0.19,279.446,1634.0,64.71,1283.2,1276.9,1.21,1.7,-4.6,1.91,0.13,-0.36,222839.0,105504.0,0.0,0.0,0.05999999999999961,3.5199999999999982,0,0,0,1,0,False
2019-05-01,GAMUDA,8640.0,3.5,19.42,3.43,5.68,3.5,3.47,3.53,-0.01,0.0,77768,3.49,100,3.5,66107,0.613492731,3.0376376997,4.1256337973,26592.91,8095.39,38.52,-66.47,0.15,-0.81,340.317,1932.0,63.33,1282.4,1276.9,-0.58,-3.3,-8.8,-0.91,-0.26,-0.68,180659.0,83560.0,0.0,0.0,0.05999999999999961,3.5033333333333316,0,0,0,0,1,False
2019-05-02,GAMUDA,8418.0,3.41,18.92,3.52,5.68,3.5,3.37,3.5,-0.09,-2.571428571428569,58049,3.39,1050,3.41,2540,0.613492731,3.0376376997,4.1256337973,26430.14,8049.64,-162.77,-45.75,-0.61,-0.57,303.847,2040.0,62.44,1271.4,1276.9,-1.16,-12.8,-7.3,-1.82,-1.0,-0.57,219243.0,132064.0,0.0,0.0,0.1299999999999999,3.4699999999999984,0,0,1,0,0,False
2019-05-03,GAMUDA,8319.0,3.37,18.7,3.56,5.68,3.4,3.35,3.45,-0.04,-1.1730205278592365,71266,3.37,375,3.38,1990,0.613492731,3.0376376997,4.1256337973,26430.14,8049.64,-162.77,-45.75,-0.61,-0.57,303.847,2040.0,62.06,1274.8,1276.9,0.25,2.8,4.9,0.4,0.22,0.39,196847.0,100894.0,0.0,0.0,0.10000000000000009,3.4266666666666645,1,0,0,0,0,False
2019-05-06,GAMUDA,8220.0,3.33,18.48,3.6,5.68,3.4,3.21,3.4,-0.04,-1.1869436201780381,50574,3.3,150,3.33,5967,0.613492731,3.0376376997,4.1256337973,26438.48,8123.29,-66.47,-40.71,-0.25,-0.5,283.021,1733.0,61.24,1279.0,1284.2,-0.7,-2.3,2.9,-1.13,-0.18,0.23,283145.0,134279.0,1.0,0.0,0.18999999999999995,3.369999999999998,0,1,0,0,0,False
2019-05-07,GAMUDA,8195.0,3.32,18.42,3.61,5.68,3.36,3.31,3.4,-0.01,-0.30030030030030463,17997,3.32,281,3.33,60,0.613492731,3.0376376997,4.1256337973,26438.48,8123.29,-66.47,-40.71,-0.25,-0.5,283.021,1733.0,61.57,1281.1,1284.2,-0.68,-2.7,0.4,-1.09,-0.21,0.03,234568.0,96127.0,0.0,0.0,0.08999999999999986,3.339999999999998,0,0,0,1,0,False
2019-05-08,GAMUDA,8196.0,3.32,18.42,3.61,5.68,3.3,3.27,3.32,0.0,0.0,22100,3.3,1544,3.32,9873,0.613492731,3.0376376997,4.1256337973,25965.09,7963.76,-473.39,-159.53,-1.79,-1.96,334.957,2049.0,61.77,1291.6,1290.1,0.37,6.0,4.5,0.6,0.47,0.35,257877.0,131087.0,15.0,0.0,0.04999999999999982,3.323333333333332,0,0,0,0,1,False
2019-05-09,GAMUDA,8098.0,3.28,18.2,3.66,5.68,3.3,3.26,3.33,-0.04,-1.2048192771084376,112067,3.28,30133,3.3,295,0.613492731,3.0376376997,4.1256337973,25965.09,7963.76,-473.39,-159.53,-1.79,-1.96,334.957,2049.0,61.64,1282.4,1290.1,-0.48,1.0,8.7,-0.77,0.08,0.68,233345.0,118772.0,0.0,0.0,0.07000000000000028,3.306666666666665,0,0,1,0,0,False
