DT,Quote,DJI_LastPrice,IXIC_LastPrice,DJI_Change,IXIC_Change,MYRUSD_PerUnit,CLF_LastPrice,GCF_LastPrice,ZGF_LastPrice,CLF_Change,GCF_Change,ZGF_Change,CLF_Volume,GCF_Volume,MarketCap,LastPrice,PE,DY,ROE,Open,Chg,Volume,BidVolume,AskVolume,Polarity,UP
2019-03-04,AIRASIA,0.46912505493762413,0.2626453625791812,0.5918718015763326,0.7080449262113099,0.2850386841826937,0.0,0.4733606557377035,0.35336538461538103,0.748062015503876,0.26174496644295303,0.10980392156862746,1.0,0.45311483327407986,0.8639455782312925,0.8636363636363635,0.8630136986301363,0.04744525547445263,0.0,0.7692307692307694,0.7727272727272728,0.9625415444770283,0.2506369853828617,0.13030907278165504,0.0,False
2019-03-05,AIRASIA,0.292792183643803,0.21084833668742095,0.3321006561826853,0.5828000522397806,0.3121526262841104,0.0,0.4733606557377035,0.35336538461538103,0.748062015503876,0.26174496644295303,0.10980392156862746,1.0,0.45311483327407986,0.8183673469387756,0.818181818181818,0.8219178082191784,0.06326034063260336,0.0,0.8974358974358972,0.36363636363636365,0.6193157380254154,0.19176612578785035,0.00448654037886341,0.21087845372320654,True
2019-03-06,AIRASIA,0.2817877548260603,0.20921406285876304,0.45325165290799746,0.6369335248791955,0.36060325548075817,0.0,0.4733606557377035,0.35336538461538103,0.748062015503876,0.26174496644295303,0.10980392156862746,1.0,0.45311483327407986,0.8414965986394558,0.8409090909090903,0.8356164383561643,0.054744525547445175,0.0,0.8974358974358972,0.5,0.4284574780058651,0.2246211613249296,0.21415752741774677,0.2408210465452443,True
2019-03-07,AIRASIA,0.16923323979850535,0.11407501451937492,0.4236175961550434,0.41089852422619827,0.3910598100239368,0.0,0.4733606557377035,0.35336538461538103,0.748062015503876,0.26174496644295303,0.10980392156862746,1.0,0.45311483327407986,0.9095238095238095,0.909090909090909,0.9041095890410955,0.030413625304136258,0.0,0.8974358974358972,0.5909090909090909,0.8902209188660801,0.15689955746278664,0.0,0.31871308801057285,True
2019-03-08,AIRASIA,0.0,0.0,0.34011928330407276,0.3651234164816508,0.35908346370977523,0.0,0.4733606557377035,0.35336538461538103,0.748062015503876,0.26174496644295303,0.10980392156862746,1.0,0.45311483327407986,1.0,1.0,1.0,0.0,0.0,1.0,0.6363636363636365,0.6303421309872923,0.5020785838809173,0.20378863409770687,0.31871308801057285,False
2019-03-11,AIRASIA,0.06882416579329956,0.22902794473183002,0.46962509182822204,0.7485307561708241,0.37242559419204974,0.0,0.4733606557377035,0.35336538461538103,0.748062015503876,0.26174496644295303,0.10980392156862746,1.0,0.45311483327407986,0.7727891156462585,0.7727272727272725,0.7671232876712331,0.07907542579075409,0.0,0.7948717948717945,0.5454545454545455,0.3587800586510264,0.43140673192973045,0.010169491525423728,0.21087845372320654,False
2019-03-12,AIRASIA,0.06882416579329956,0.22902794473183002,0.46962509182822204,0.7485307561708241,0.32757434959765075,0.0,0.4733606557377035,0.35336538461538103,0.748062015503876,0.26174496644295303,0.10980392156862746,1.0,0.45311483327407986,0.7047619047619048,0.7045454545454547,0.6986301369863007,0.6374695863746958,0.0,0.8205128205128208,0.31818181818181823,0.19971847507331378,0.24647981762102722,0.00897308075772682,0.21087845372320654,True
2019-03-13,AIRASIA,0.06882416579329956,0.22902794473183002,0.46962509182822204,0.7485307561708241,0.3692490079645709,0.0,0.4733606557377035,0.35336538461538103,0.748062015503876,0.26174496644295303,0.10980392156862746,1.0,0.45311483327407986,0.8183673469387756,0.818181818181818,0.8219178082191784,0.586374695863747,0.0,0.8205128205128208,0.6818181818181819,0.4679960899315738,0.036609896741316886,0.26430707876370885,0.49510593482839793,False
2019-03-14,AIRASIA,0.06882416579329956,0.22902794473183002,0.46962509182822204,0.7485307561708241,0.3917295931367327,0.0,0.4733606557377035,0.35336538461538103,0.748062015503876,0.26174496644295303,0.10980392156862746,1.0,0.45311483327407986,0.7503401360544217,0.7499999999999992,0.7534246575342459,0.6167883211678833,0.0,0.8974358974358972,0.31818181818181823,0.25757184750733136,0.13343167493630145,0.02193419740777667,0.14694585553215217,True
2019-03-15,AIRASIA,0.20006592514959867,0.28289144910114905,0.5982095053104728,0.6000718296983153,0.32191625673674523,0.19307450157397651,0.7295081967213103,0.39182692307692285,0.5116279069767441,0.5604026845637584,0.07058823529411767,0.12097749503892138,0.07808716300971981,0.8183673469387756,0.818181818181818,0.8219178082191784,0.586374695863747,0.0,0.8461538461538459,0.5909090909090909,0.5227057673509287,0.012069196727906665,0.07088733798604187,0.8435138148928262,False
2019-03-18,AIRASIA,0.4902718144629634,0.43574332446413344,0.7627532279954676,0.7375604022463106,0.3106986596364041,0.19307450157397651,0.7295081967213103,0.39182692307692285,0.5116279069767441,0.5604026845637584,0.07058823529411767,0.12097749503892138,0.07808716300971981,0.8183673469387756,0.818181818181818,0.8219178082191784,0.586374695863747,0.0,0.8974358974358972,0.4545454545454546,0.07274291300097752,0.4878637521791605,0.0022931206380857427,0.21087845372320654,True
2019-03-19,AIRASIA,0.4902718144629634,0.43574332446413344,0.7627532279954676,0.7375604022463106,0.275355667977244,0.2696747114375656,0.7684426229508204,0.39182692307692285,0.5736434108527132,0.6711409395973155,0.09803921568627451,0.04975383166923715,0.1657264366736653,0.8863945578231293,0.8863636363636358,0.8904109589041096,0.557177615571776,0.0,0.8717948717948721,0.5909090909090909,0.540574780058651,0.08917795360064369,0.02711864406779661,0.7960599677859,False
2019-03-20,AIRASIA,0.35003718854592913,0.40855495076918874,0.5561615180605879,0.6718035784249706,0.12882115535155708,0.16998950682056635,0.7684426229508204,0.39182692307692285,0.22868217054263565,0.5033557046979866,0.0,0.0,0.22505148346156684,0.8183673469387756,0.818181818181818,0.8219178082191784,0.586374695863747,0.0,0.8974358974358972,0.31818181818181823,0.1435464320625611,0.4564838406866032,0.0630109670987039,0.7960599677859,False
2019-03-21,AIRASIA,0.35003718854592913,0.40855495076918874,0.5561615180605879,0.6718035784249706,0.0,0.32633788037775435,0.9733606557377058,0.8581730769230744,0.3410852713178294,1.0,0.47450980392156866,0.4617899415594042,0.4025436519382601,0.7727891156462585,0.7727272727272725,0.7671232876712331,0.6058394160583943,0.0,0.8974358974358972,0.36363636363636365,0.13682893450635386,0.05377497653211747,0.03489531405782652,0.7960599677859,True
2019-03-22,AIRASIA,0.413536630717738,0.5638920028633555,0.8594249996887179,1.0,0.23890319482061417,0.25183630640083926,0.8442622950819643,0.8581730769230744,0.16279069767441856,0.6006711409395973,0.3647058823529412,0.5438434509861038,0.3769260180980299,0.8183673469387756,0.818181818181818,0.8219178082191784,0.586374695863747,0.0,0.8974358974358972,0.5454545454545455,0.13282502443792765,0.006705109293281481,0.04297108673978066,0.7960599677859,False
2019-03-25,AIRASIA,0.024586700023665566,0.2987749699482704,0.01644814662632448,0.0,0.17447279216869893,0.2077649527806922,1.0,0.9639423076923076,0.3643410852713178,0.6879194630872484,0.35294117647058826,0.49603243752161935,0.2064168181543766,0.636734693877551,0.636363636363636,0.6301369863013695,0.6690997566909976,0.0,0.7435897435897443,0.09090909090909093,0.4301544477028348,0.781681641410755,0.003988035892323031,0.21087845372320654,True
2019-03-26,AIRASIA,0.024586700023665566,0.2987749699482704,0.01644814662632448,0.0,0.27325837028578404,0.2077649527806922,1.0,0.9639423076923076,0.3643410852713178,0.6879194630872484,0.35294117647058826,0.49603243752161935,0.2064168181543766,0.7047619047619048,0.7045454545454547,0.6986301369863007,0.6374695863746958,0.0,0.7179487179487181,0.5909090909090909,0.05537438905180841,0.32640472039694246,0.07617148554336989,0.21087845372320654,False
2019-03-27,AIRASIA,0.12877379221745208,0.2997339240130201,0.5494129219428984,0.48367506856471204,0.27913181505349144,0.3210912906610698,0.8934426229508187,1.0,0.4341085271317829,0.4228187919463088,0.32941176470588235,0.47268480830600296,0.1837372632934658,0.6136054421768707,0.6136363636363638,0.6164383561643835,0.678832116788321,0.0,0.7692307692307694,0.27272727272727276,0.0,1.0,0.0009970089730807576,0.3954487258910503,False
2019-03-28,AIRASIA,0.12877379221745208,0.2997339240130201,0.5494129219428984,0.48367506856471204,0.26538171224009616,0.18887722980062926,0.6045081967213121,0.7932692307692325,0.15116279069767438,0.1040268456375839,0.25098039215686274,0.653676399830426,0.6224098955573294,0.6136054421768707,0.6136363636363638,0.6164383561643835,0.678832116788321,0.0,0.6666666666666666,0.4545454545454546,0.18978690127077225,0.16883465200482767,0.019541375872382853,0.3954487258910503,False
2019-03-29,AIRASIA,0.20642178572635958,0.33456691743540556,0.7038212991670091,0.7250881546297505,0.2935426537979656,0.3840503672612798,0.6516393442622948,0.7932692307692325,0.9147286821705426,0.6879194630872484,0.6549019607843138,0.5376768887860117,0.3931726557416637,0.5231292517006803,0.5227272727272727,0.520547945205479,0.7226277372262772,0.0,0.6666666666666666,0.27272727272727276,0.9071358748778103,0.013276116400697332,1.0,0.3954487258910503,False
2019-04-01,AIRASIA,0.6636380540248139,0.5503180756088003,1.0,0.9660441426146011,0.30820038775010267,0.35362014690451177,0.4180327868852435,0.7932692307692325,0.8023255813953487,0.4899328859060403,0.592156862745098,0.48708819146252336,0.27057158381239227,0.4775510204081633,0.47727272727272724,0.479452054794521,0.7445255474452552,0.0,0.5897435897435902,0.36363636363636365,0.28976735092864125,0.03017299181976666,0.021036889332003986,0.21087845372320654,True
2019-04-02,AIRASIA,0.6636380540248139,0.5503180756088003,1.0,0.9660441426146011,0.29395916658739485,0.5267576075550887,0.4774590163934421,0.7932692307692325,0.5542635658914729,0.43959731543624164,0.6823529411764705,0.5678204804768877,0.2267217612374813,0.5,0.4999999999999995,0.493150684931507,0.7335766423357662,0.0,0.5128205128205126,0.5,0.11247702834799608,0.09561485852219391,0.15274177467597208,0.21087845372320654,True
2019-04-03,AIRASIA,0.5966226038743716,0.5770337254690088,0.4907051162327394,0.7054655870445344,0.29395916658739485,0.6117523609653722,0.5409836065573748,0.7932692307692325,0.4844961240310077,0.5033557046979866,0.6509803921568628,0.4712309456869176,0.14688382513734513,0.545578231292517,0.545454545454545,0.5479452054794522,0.7116788321167882,0.0,0.5641025641025639,0.5454545454545455,0.07103030303030303,0.0240042912699477,0.14287138584247258,0.3065295502416057,False
2019-04-04,AIRASIA,0.6295851786740606,0.640324693742487,0.638028712661711,0.793881415698054,0.29765037150020396,0.6002098635886671,0.35655737704917784,0.7932692307692325,0.4883720930232558,0.20469798657718122,0.6529411764705881,0.43757883758611993,0.2595638495542572,0.545578231292517,0.545454545454545,0.5479452054794522,0.7116788321167882,0.0,0.5384615384615388,0.4545454545454546,0.1758279569892473,0.05055652407134236,0.05942173479561316,0.3065295502416057,False
2019-04-05,AIRASIA,0.6295851786740606,0.640324693742487,0.638028712661711,0.793881415698054,0.3796434915126231,0.5624344176285413,0.40573770491803224,0.7932692307692325,0.4883720930232558,0.31879194630872487,0.6705882352941177,0.43168016062711156,0.28282699544530676,0.5,0.4999999999999995,0.493150684931507,0.7335766423357662,0.0,0.5897435897435902,0.36363636363636365,0.1364692082111437,0.4597022931473783,0.000897308075772682,0.3065295502416057,True
2019-04-08,AIRASIA,0.7334510970621057,0.7191074974000187,0.4848779151569484,0.6904792999869401,0.4740342806612858,0.6768100734522555,0.7499999999999989,0.7932692307692325,0.5310077519379844,0.8389261744966444,0.6431372549019607,0.40611402548290865,0.19699215841477893,0.545578231292517,0.545454545454545,0.5479452054794522,0.7116788321167882,0.0,0.5128205128205126,0.5454545454545455,0.32548973607038123,0.0,0.14995014955134597,0.21087845372320654,False
2019-04-09,AIRASIA,0.7334510970621057,0.7191074974000187,0.4848779151569484,0.6904792999869401,0.4770244397504347,0.7701993704092343,0.7786885245901647,0.7932692307692325,0.3643410852713178,0.6744966442953021,0.511764705882353,0.4748877092690894,0.24691937723458346,0.38639455782312926,0.38636363636363624,0.38356164383561653,0.7907542579075427,0.0,0.5641025641025639,0.13636363636363635,0.5461818181818182,0.5719458227169103,0.306580259222333,0.21087845372320654,False
2019-04-10,AIRASIA,0.5724923087325486,0.6588689744594058,0.3523090906827039,0.495233120020896,0.5745256254208846,0.7859391395592858,0.7438524590163932,0.7932692307692325,0.5852713178294574,0.4026845637583893,0.38627450980392164,0.41648092423009003,0.11628889768374732,0.2272108843537415,0.2272727272727265,0.2328767123287669,0.8734793187347932,0.0,0.4102564102564098,0.13636363636363635,0.7926099706744868,0.46090921282016895,0.5425722831505484,0.21087845372320654,False
2019-04-11,AIRASIA,0.5780536867372126,0.7331001229081964,0.5975993923773237,0.8203278046232206,0.7353011238459486,0.7429171038824761,0.6127049180327847,0.7932692307692325,0.1821705426356589,0.0,0.27647058823529413,0.5473935806373588,0.4219765624475942,0.09115646258503401,0.090909090909091,0.09589041095890444,0.9476885644768857,0.0,0.2307692307692306,0.18181818181818185,0.8133255131964809,0.15059675472710204,0.04436689930209372,0.21087845372320654,True
2019-04-12,AIRASIA,0.5661279962135297,0.7103013276786551,0.5718625876259136,0.5857711897610031,0.6170817369865627,0.8069254984260228,0.5102459016393419,0.7932692307692325,0.817829457364341,0.5234899328859061,0.6784313725490196,0.46434395424624114,0.20894571261831135,0.13673469387755102,0.1363636363636365,0.13698630136986367,0.9221411192214111,0.0,0.12820512820512786,0.5454545454545455,0.24328445747800587,0.20973581869384472,0.35573280159521437,0.39425102217816876,False
2019-04-15,AIRASIA,0.7936965414652286,0.7600048623022996,0.9246199245452167,0.7610356536502546,0.610068650987685,0.6904512067156345,0.33606557377048935,0.7932692307692325,0.26744186046511625,0.174496644295302,0.6392156862745099,0.388698883984884,0.34248073143409113,0.06802721088435375,0.06818181818181775,0.06849315068493123,0.9610705596107055,0.0,0.15384615384615297,0.31818181818181823,0.3814428152492669,0.019310714764650665,0.0703888334995015,0.5888572254573989,True
2019-04-16,AIRASIA,0.7704283444335517,0.7489971501505962,0.5551529640282395,0.6142745200470158,0.7541202484919515,0.717733473242392,0.2561475409836068,0.7932692307692325,0.5581395348837209,0.174496644295302,0.7137254901960786,0.39773155818181344,0.38659216378113326,0.09115646258503401,0.090909090909091,0.09589041095890444,0.9476885644768857,0.0,0.05128205128205137,0.5,0.5705259042033236,0.012069196727906665,0.24147557328015953,0.5888572254573989,True
2019-04-17,AIRASIA,0.7704283444335517,0.7489971501505962,0.5551529640282395,0.6142745200470158,0.8043038283339575,0.7995802728226656,0.1618852459016367,0.0,0.6085271317829457,0.49328859060402686,0.2549019607843137,0.1548922867256361,0.3045338985893196,0.11360544217687076,0.11363636363636324,0.10958904109589045,0.935523114355231,0.0,0.10256410256410274,0.5,0.4520351906158358,0.16011800992356176,0.08753738783649052,0.21087845372320654,False
2019-04-18,AIRASIA,0.8251715744278048,0.7761044854738713,0.5855465491265424,0.6273344651952462,1.0,0.7534102833158446,0.11885245901639262,0.7932692307692325,0.5503875968992248,0.43624161073825507,1.0,0.07954371080877935,0.39381661825767894,0.0,0.0,0.0,1.0,0.0,0.10256410256410274,0.2272727272727273,0.6868426197458456,0.16052031648115864,0.19371884346959123,0.4315863379176476,True
2019-04-19,AIRASIA,0.8251715744278048,0.7761044854738713,0.5855465491265424,0.6273344651952462,0.872272268829017,0.7544596012591812,0.15368852459016408,0.0,0.46124031007751937,0.5201342281879195,0.2784313725490196,0.29344097291758237,1.0,0.15918367346938775,0.15909090909090876,0.16438356164383566,0.9099756690997569,0.0,0.0,0.7727272727272728,0.18981818181818183,0.04841088909749229,0.7451645064805583,0.40800396481229095,False
2019-04-22,AIRASIA,0.9181429392474403,0.7787787517389485,0.7264452828309239,0.6473488311349093,0.8093869082796649,0.9003147953830007,0.17827868852458661,0.0,1.0,0.5604026845637584,0.2784313725490196,0.006359023441259009,0.0,0.09115646258503401,0.090909090909091,0.09589041095890444,0.9476885644768857,0.0,0.12820512820512786,0.31818181818181823,0.17714173998044966,0.20598095748960707,0.22572283150548356,0.21087845372320654,True
2019-04-23,AIRASIA,0.8771594712464923,0.8020232580126692,0.5290550720306799,0.6970745722867965,0.7101256728764077,0.9265477439664216,0.0,0.0,0.49612403100775193,0.21476510067114093,0.2470588235294118,0.5104098124023064,0.28966909717796846,0.13673469387755102,0.1363636363636365,0.13698630136986367,0.9221411192214111,0.0,0.05128205128205137,0.5454545454545455,0.2930596285434995,0.01689687541906933,0.42412761714855435,1.0,True
2019-04-24,AIRASIA,1.0,0.9445832601736914,0.7703983165863559,0.985536110748335,0.7101256728764077,1.0,0.08606557377048815,0.0,0.4767441860465116,0.5033557046979866,0.3333333333333333,0.45690298653031397,0.19669700892827197,0.20476190476190476,0.20454545454545425,0.2054794520547949,0.8856447688564475,0.0,0.12820512820512786,0.5909090909090909,0.31255522971652006,0.3925170980286979,0.18085742771684946,0.21087845372320654,True
2019-04-25,AIRASIA,0.9498461746509347,0.9191777306554652,0.5155454285109509,0.5794697662269819,0.7101256728764077,0.9695697796432312,0.17622950819671962,0.0,0.5232558139534883,0.4429530201342282,0.21176470588235297,0.4578080745293152,0.1748827786982566,0.29523809523809524,0.29545454545454525,0.30136986301369934,0.8369829683698297,0.0,0.17948717948717924,0.6363636363636365,0.1753900293255132,0.01354432077242859,0.05942173479561316,0.21087845372320654,True
2019-04-26,AIRASIA,0.8357703100172439,0.941692891584165,0.42137636497204684,0.6953114796917853,0.7101256728764077,0.7565582371458545,0.3053278688524565,0.0,0.0,0.6442953020134229,0.20588235294117646,0.6906939788240618,0.33596731890231224,0.5680272108843537,0.5681818181818182,0.5616438356164383,0.7007299270072991,0.0,0.3333333333333333,1.0,0.6242893450635386,0.39412632425908545,0.12891326021934196,0.5539173171436831,True
2019-04-29,AIRASIA,0.9044423408499292,0.9791326192952353,0.6905731326186296,0.7313895781637717,0.7101256728764077,0.6558237145855194,0.28278688524590095,0.0,0.3682170542635659,0.30201342281879195,0.02745098039215687,0.5383557047852626,0.22582289689221008,0.6136054421768707,0.6136363636363638,0.6164383561643835,0.678832116788321,0.0,0.692307692307693,0.5454545454545455,1.0,0.3024004291269948,0.026520438683948155,0.8228224507495974,True
2019-04-30,AIRASIA,0.9137901889854289,1.0,0.603202470334815,0.6913608462844457,0.7101256728764077,0.8289611752360956,0.2622950819672124,0.0,0.9302325581395349,0.5134228187919463,0.17058823529411768,0.5742653312283968,0.23401329514277858,0.682312925170068,0.6818181818181815,0.6849315068493147,0.6472019464720196,0.0,0.6410256410256415,0.5909090909090909,0.19069403714565006,0.2011532787984444,0.359222333000997,0.21087845372320654,False
2019-05-01,AIRASIA,0.9463470705568143,0.9102364969813207,0.637393697159862,0.4238605197858169,0.7101256728764077,0.6841552990556133,0.2459016393442625,0.0,0.23643410852713176,0.3456375838926175,0.08823529411764706,0.46456242376324147,0.08681419669030098,0.682312925170068,0.6818181818181815,0.6849315068493147,0.6472019464720196,0.0,0.6410256410256415,0.5909090909090909,0.19069403714565006,0.2011532787984444,0.359222333000997,0.21087845372320654,False
2019-05-02,AIRASIA,0.8087748064505224,0.8484447385837194,0.38676179447910053,0.4915110356536503,0.7101256728764077,0.5907660020986354,0.020491803278688544,0.0,0.011627906976744196,0.026845637583892586,0.11764705882352942,0.564912755238717,0.41217625790698764,0.454421768707483,0.454545454545454,0.45205479452054775,0.7554744525547443,0.0,0.7179487179487181,0.0,0.3396598240469208,0.008046131151937776,0.0452642073778664,0.4598562755544542,True
2019-05-03,AIRASIA,0.8087748064505224,0.8484447385837194,0.38676179447910053,0.4915110356536503,0.7101256728764077,0.5508919202518362,0.09016393442622679,0.0,0.5581395348837209,0.5503355704697986,0.3568627450980393,0.5066646206823011,0.20308967848829798,0.636734693877551,0.636363636363636,0.6301369863013695,0.6690997566909976,0.0,0.5641025641025639,0.8181818181818181,0.5160430107526882,0.04948370658441733,0.17497507477567298,0.4598562755544542,False
2019-05-06,AIRASIA,0.815823726292302,0.9479193398073983,0.5066676627694147,0.5079665665404205,0.7101256728764077,0.46484784889821607,0.17622950819671962,0.17548076923076852,0.18992248062015504,0.3791946308724833,0.3176470588235294,0.731110839469119,0.4270343513754637,0.5680272108843537,0.5681818181818182,0.5616438356164383,0.7007299270072991,0.0,0.5897435897435902,0.31818181818181823,0.06467253176930596,0.05927316615260829,0.06041874376869392,0.33620369223144597,False
2019-05-07,AIRASIA,0.815823726292302,0.9479193398073983,0.5066676627694147,0.5079665665404205,0.7101256728764077,0.4994753410283313,0.21926229508196368,0.17548076923076852,0.19767441860465113,0.3657718120805369,0.2686274509803922,0.6047704379533567,0.17111291480241755,0.4095238095238095,0.4090909090909085,0.4109589041095886,0.778588807785888,0.0,0.5128205128205126,0.13636363636363635,0.1893958944281525,0.7342094676143222,0.0007976071784646061,0.33620369223144597,False
2019-05-08,AIRASIA,0.41571723181987275,0.7324518159348451,0.0,0.12002089591223715,0.7101256728764077,0.5204616998950682,0.4344262295081934,0.3173076923076886,0.6046511627906976,0.6577181208053693,0.3490196078431373,0.6653931280933593,0.40562259771795783,0.3183673469387755,0.3181818181818175,0.31506849315068536,0.824817518248175,0.0,0.3846153846153847,0.27272727272727276,0.2901661779081134,0.5515622904653346,0.10717846460618145,0.33620369223144597,True
2019-05-09,AIRASIA,0.41571723181987275,0.7324518159348451,0.0,0.12002089591223715,0.7101256728764077,0.5068205666316892,0.2459016393442625,0.3173076923076886,0.2751937984496124,0.4899328859060403,0.43137254901960786,0.6015896258189356,0.3230142812103812,0.5,0.4999999999999995,0.493150684931507,0.7335766423357662,0.0,0.3076923076923071,0.8181818181818181,0.21643792766373413,0.016092262303875553,0.029611166500498505,0.7088340973857019,False
2019-03-04,AIRPORT,0.46912505493762413,0.2626453625791812,0.5918718015763326,0.7080449262113099,0.2850386841826937,0.0,0.4733606557377035,0.35336538461538103,0.748062015503876,0.26174496644295303,0.10980392156862746,1.0,0.45311483327407986,1.0,1.0,1.0,0.0,0.0,1.0,0.3857142857142858,0.2311515732963186,0.05708930651942658,0.33067032829858944,0.6353656323716204,False
2019-03-05,AIRPORT,0.292792183643803,0.21084833668742095,0.3321006561826853,0.5828000522397806,0.3121526262841104,0.0,0.4733606557377035,0.35336538461538103,0.748062015503876,0.26174496644295303,0.10980392156862746,1.0,0.45311483327407986,0.9719864176570459,0.9718309859154936,0.9722222222222223,0.028571428571427974,0.0,0.9774436090225562,0.4571428571428572,0.14801130854570876,0.09888050250747175,0.020222194482586442,0.7993709550595778,False
2019-03-06,AIRPORT,0.2817877548260603,0.20921406285876304,0.45325165290799746,0.6369335248791955,0.36060325548075817,0.0,0.4733606557377035,0.35336538461538103,0.748062015503876,0.26174496644295303,0.10980392156862746,1.0,0.45311483327407986,0.8875212224108658,0.8873239436619723,0.8888888888888891,0.08571428571428519,0.0,0.9774436090225562,0.34285714285714286,0.3268965798793619,0.0014690238589737095,0.018599425789539385,0.7993709550595778,False
2019-03-07,AIRPORT,0.16923323979850535,0.11407501451937492,0.4236175961550434,0.41089852422619827,0.3910598100239368,0.0,0.4733606557377035,0.35336538461538103,0.748062015503876,0.26174496644295303,0.10980392156862746,1.0,0.45311483327407986,0.8310696095076401,0.8309859154929581,0.8302469135802467,0.1428571428571424,0.0,0.872180451127819,0.39999999999999997,0.22504822461956134,0.00020262398054809788,0.5644738484583698,0.6353656323716204,False
2019-03-08,AIRPORT,0.0,0.0,0.34011928330407276,0.3651234164816508,0.35908346370977523,0.0,0.4733606557377035,0.35336538461538103,0.748062015503876,0.26174496644295303,0.10980392156862746,1.0,0.45311483327407986,0.8030560271646859,0.802816901408451,0.8024691358024689,0.171428571428571,0.0,0.8646616541353379,0.4571428571428572,0.24488921095336755,0.0005065599513702447,0.0017475970540506804,0.6353656323716204,False
2019-03-11,AIRPORT,0.06882416579329956,0.22902794473183002,0.46962509182822204,0.7485307561708241,0.37242559419204974,0.0,0.4733606557377035,0.35336538461538103,0.748062015503876,0.26174496644295303,0.10980392156862746,1.0,0.45311483327407986,0.7393887945670629,0.7394366197183102,0.7407407407407408,0.22857142857142823,0.0,0.7894736842105261,0.3857142857142858,0.0441216995478623,0.07851679246238792,0.007364873299213581,0.8935764833968426,True
2019-03-12,AIRPORT,0.06882416579329956,0.22902794473183002,0.46962509182822204,0.7485307561708241,0.32757434959765075,0.0,0.4733606557377035,0.35336538461538103,0.748062015503876,0.26174496644295303,0.10980392156862746,1.0,0.45311483327407986,0.7958404074702886,0.7957746478873244,0.7962962962962963,0.171428571428571,0.0,0.7218045112781954,0.6285714285714287,0.11870911113605977,0.136669874879692,0.03345400074897017,0.8935764833968426,False
2019-03-13,AIRPORT,0.06882416579329956,0.22902794473183002,0.46962509182822204,0.7485307561708241,0.3692490079645709,0.0,0.4733606557377035,0.35336538461538103,0.748062015503876,0.26174496644295303,0.10980392156862746,1.0,0.45311483327407986,0.7958404074702886,0.7957746478873244,0.7962962962962963,0.171428571428571,0.0,0.7894736842105261,0.5142857142857143,0.2600353136896682,0.00906742312952738,0.0021220821370615405,1.0,True
2019-03-14,AIRPORT,0.06882416579329956,0.22902794473183002,0.46962509182822204,0.7485307561708241,0.3917295931367327,0.0,0.4733606557377035,0.35336538461538103,0.748062015503876,0.26174496644295303,0.10980392156862746,1.0,0.45311483327407986,0.8382852292020373,0.8380281690140847,0.8395061728395063,0.1428571428571424,0.0,0.8270676691729321,0.6,0.0032660059808734525,1.0,0.009237298714267882,0.5885501723825077,False
2019-03-15,AIRPORT,0.20006592514959867,0.28289144910114905,0.5982095053104728,0.6000718296983153,0.32191625673674523,0.19307450157397651,0.7295081967213103,0.39182692307692285,0.5116279069767441,0.5604026845637584,0.07058823529411767,0.12097749503892138,0.07808716300971981,0.8098471986417657,0.8098591549295776,0.8086419753086417,0.171428571428571,0.0,0.8270676691729321,0.4571428571428572,0.24625685095785832,0.28098880502507473,0.013606291349394582,0.5885501723825077,False
2019-03-18,AIRPORT,0.4902718144629634,0.43574332446413344,0.7627532279954676,0.7375604022463106,0.3106986596364041,0.19307450157397651,0.7295081967213103,0.39182692307692285,0.5116279069767441,0.5604026845637584,0.07058823529411767,0.12097749503892138,0.07808716300971981,0.7746179966044142,0.774647887323944,0.7746913580246912,0.19999999999999962,0.0,0.8270676691729321,0.4428571428571429,0.10428765347676543,0.016361886429258902,0.006740731494195481,0.0,False
2019-03-19,AIRPORT,0.4902718144629634,0.43574332446413344,0.7627532279954676,0.7375604022463106,0.275355667977244,0.2696747114375656,0.7684426229508204,0.39182692307692285,0.5736434108527132,0.6711409395973155,0.09803921568627451,0.04975383166923715,0.1657264366736653,0.7746179966044142,0.774647887323944,0.7746913580246912,0.19999999999999962,0.0,0.8045112781954882,0.5142857142857143,0.11167699200849161,0.25621802340306976,0.03295468730495569,0.0,False
2019-03-20,AIRPORT,0.35003718854592913,0.40855495076918874,0.5561615180605879,0.6718035784249706,0.12882115535155708,0.16998950682056635,0.7684426229508204,0.39182692307692285,0.22868217054263565,0.5033557046979866,0.0,0.0,0.22505148346156684,0.7678268251273345,0.7676056338028173,0.7685185185185185,0.19999999999999962,0.0,0.7443609022556386,0.5,0.09453046060890599,0.004356415581784104,0.03295468730495569,0.0,False
2019-03-21,AIRPORT,0.35003718854592913,0.40855495076918874,0.5561615180605879,0.6718035784249706,0.0,0.32633788037775435,0.9733606557377058,0.8581730769230744,0.3410852713178294,1.0,0.47450980392156866,0.4617899415594042,0.4025436519382601,0.732597623089983,0.7323943661971836,0.7314814814814812,0.22857142857142823,0.0,0.7593984962406013,0.4428571428571429,0.17609895998122047,0.25419178359758876,0.011858694295343902,0.3466702957720922,True
2019-03-22,AIRPORT,0.413536630717738,0.5638920028633555,0.8594249996887179,1.0,0.23890319482061417,0.25183630640083926,0.8442622950819643,0.8581730769230744,0.16279069767441856,0.6006711409395973,0.3647058823529412,0.5438434509861038,0.3769260180980299,0.7606112054329371,0.7605633802816907,0.7623456790123458,0.19999999999999962,0.0,0.8120300751879699,0.5714285714285714,0.07939456414129559,0.21756749911352008,0.3361627761827487,0.3466702957720922,False
2019-03-25,AIRPORT,0.024586700023665566,0.2987749699482704,0.01644814662632448,0.0,0.17447279216869893,0.2077649527806922,1.0,0.9639423076923076,0.3643410852713178,0.6879194630872484,0.35294117647058826,0.49603243752161935,0.2064168181543766,0.5072156196943973,0.507042253521127,0.5061728395061724,0.4285714285714285,0.0,0.7142857142857137,0.0,0.6733891956439645,0.00040524796109619576,0.010485582324304082,0.7248835662009314,True
2019-03-26,AIRPORT,0.024586700023665566,0.2987749699482704,0.01644814662632448,0.0,0.27325837028578404,0.2077649527806922,1.0,0.9639423076923076,0.3643410852713178,0.6879194630872484,0.35294117647058826,0.49603243752161935,0.2064168181543766,0.5140067911714771,0.5140845070422535,0.5154320987654321,0.4285714285714285,0.0,0.39849624060150324,0.5285714285714286,0.0,0.0033939516741806394,0.0,0.8832335329341318,False
2019-03-27,AIRPORT,0.12877379221745208,0.2997339240130201,0.5494129219428984,0.48367506856471204,0.27913181505349144,0.3210912906610698,0.8934426229508187,1.0,0.4341085271317829,0.4228187919463088,0.32941176470588235,0.47268480830600296,0.1837372632934658,0.4792020373514431,0.47887323943661986,0.4783950617283947,0.4571428571428571,0.0,0.5263157894736836,0.4428571428571429,0.20802416844425847,0.0788713844283471,0.0044938209961303205,0.8832335329341318,False
2019-03-28,AIRPORT,0.12877379221745208,0.2997339240130201,0.5494129219428984,0.48367506856471204,0.26538171224009616,0.18887722980062926,0.6045081967213121,0.7932692307692325,0.15116279069767438,0.1040268456375839,0.25098039215686274,0.653676399830426,0.6224098955573294,0.46477079796264853,0.46478873239436597,0.4660493827160493,0.4857142857142857,0.0,0.48120300751879674,0.4857142857142857,0.06389124200083691,0.0028367357276733703,0.0008737985270253402,0.759299582652876,False
2019-03-29,AIRPORT,0.20642178572635958,0.33456691743540556,0.7038212991670091,0.7250881546297505,0.2935426537979656,0.3840503672612798,0.6516393442622948,0.7932692307692325,0.9147286821705426,0.6879194630872484,0.6549019607843138,0.5376768887860117,0.3931726557416637,0.4439728353140917,0.44366197183098616,0.44444444444444425,0.5142857142857143,0.0,0.46616541353383395,0.4714285714285714,0.25518733606180916,0.008307583202472012,0.0017475970540506804,0.759299582652876,False
2019-04-01,AIRPORT,0.6636380540248139,0.5503180756088003,1.0,0.9660441426146011,0.30820038775010267,0.35362014690451177,0.4180327868852435,0.7932692307692325,0.8023255813953487,0.4899328859060403,0.592156862745098,0.48708819146252336,0.27057158381239227,0.40874363327674024,0.40845070422535246,0.40740740740740694,0.5428571428571429,0.0,0.4511278195488719,0.4428571428571429,0.16729095010155237,0.0001519679854110734,0.033578829109973785,0.759299582652876,False
2019-04-02,AIRPORT,0.6636380540248139,0.5503180756088003,1.0,0.9660441426146011,0.29395916658739485,0.5267576075550887,0.4774590163934421,0.7932692307692325,0.5542635658914729,0.43959731543624164,0.6823529411764705,0.5678204804768877,0.2267217612374813,0.3875212224108659,0.387323943661972,0.3888888888888888,0.5714285714285715,0.0,0.40601503759398494,0.4714285714285714,0.3092703538513355,0.01190415885720075,0.008613156909249782,0.759299582652876,False
2019-04-03,AIRPORT,0.5966226038743716,0.5770337254690088,0.4907051162327394,0.7054655870445344,0.29395916658739485,0.6117523609653722,0.5409836065573748,0.7932692307692325,0.4844961240310077,0.5033557046979866,0.6509803921568628,0.4712309456869176,0.14688382513734513,0.33828522920203735,0.3380281690140844,0.339506172839506,0.6000000000000001,0.0,0.39849624060150324,0.41428571428571426,0.21922044519744027,0.0014690238589737095,0.07664461365622269,0.759299582652876,False
2019-04-04,AIRPORT,0.6295851786740606,0.640324693742487,0.638028712661711,0.793881415698054,0.29765037150020396,0.6002098635886671,0.35655737704917784,0.7932692307692325,0.4883720930232558,0.20469798657718122,0.6529411764705881,0.43757883758611993,0.2595638495542572,0.33828522920203735,0.3380281690140844,0.339506172839506,0.6000000000000001,0.0,0.3308270676691725,0.5142857142857143,0.503424203145572,0.005521503469935667,0.23168143802271876,0.6353656323716204,True
2019-04-05,AIRPORT,0.6295851786740606,0.640324693742487,0.638028712661711,0.793881415698054,0.3796434915126231,0.5624344176285413,0.40573770491803224,0.7932692307692325,0.4883720930232558,0.31879194630872487,0.6705882352941177,0.43168016062711156,0.28282699544530676,0.3522920203735144,0.3521126760563383,0.35185185185185147,0.6000000000000001,0.0,0.3458646616541353,0.5428571428571429,0.06221741393563927,0.001722303834658832,0.011983522656347521,0.6353656323716204,False
2019-04-08,AIRPORT,0.7334510970621057,0.7191074974000187,0.4848779151569484,0.6904792999869401,0.4740342806612858,0.6768100734522555,0.7499999999999989,0.7932692307692325,0.5310077519379844,0.8389261744966444,0.6431372549019607,0.40611402548290865,0.19699215841477893,0.3310696095076401,0.3309859154929578,0.33024691358024644,0.6285714285714288,0.0,0.3233082706766915,0.4714285714285714,0.17063860623194765,0.0040524796109619576,0.11184621145924355,0.6353656323716204,False
2019-04-09,AIRPORT,0.7334510970621057,0.7191074974000187,0.4848779151569484,0.6904792999869401,0.4770244397504347,0.7701993704092343,0.7786885245901647,0.7932692307692325,0.3643410852713178,0.6744966442953021,0.511764705882353,0.4748877092690894,0.24691937723458346,0.23259762308998302,0.23239436619718332,0.23148148148148145,0.7142857142857145,0.0,0.3007518796992477,0.3142857142857143,0.7348003143530757,0.0,0.025964299088752963,0.6353656323716204,False
2019-04-10,AIRPORT,0.5724923087325486,0.6588689744594058,0.3523090906827039,0.495233120020896,0.5745256254208846,0.7859391395592858,0.7438524590163932,0.7932692307692325,0.5852713178294574,0.4026845637583893,0.38627450980392164,0.41648092423009003,0.11628889768374732,0.09889643463497454,0.09859154929577449,0.09876543209876551,0.8857142857142856,0.0,0.2180451127819549,0.24285714285714285,0.3219975709080517,0.007547743275416645,1.0,0.9036472509526401,False
2019-04-11,AIRPORT,0.5780536867372126,0.7331001229081964,0.5975993923773237,0.8203278046232206,0.7353011238459486,0.7429171038824761,0.6127049180327847,0.7932692307692325,0.1821705426356589,0.0,0.27647058823529413,0.5473935806373588,0.4219765624475942,0.0,0.0,0.0,1.0,0.0,0.09022556390977385,0.3142857142857143,0.15444125782055337,0.0378906843624943,0.006116589689177381,0.8832335329341318,True
2019-04-12,AIRPORT,0.5661279962135297,0.7103013276786551,0.5718625876259136,0.5857711897610031,0.6170817369865627,0.8069254984260228,0.5102459016393419,0.7932692307692325,0.817829457364341,0.5234899328859061,0.6784313725490196,0.46434395424624114,0.20894571261831135,0.14813242784380307,0.14788732394366205,0.14814814814814828,0.8285714285714284,0.0,0.0,0.8142857142857143,1.0,0.005926751431031863,0.04219198601922357,0.8705316639448376,True
2019-04-15,AIRPORT,0.7936965414652286,0.7600048623022996,0.9246199245452167,0.7610356536502546,0.610068650987685,0.6904512067156345,0.33606557377048935,0.7932692307692325,0.26744186046511625,0.174496644295302,0.6392156862745099,0.388698883984884,0.34248073143409113,0.2041595925297114,0.20422535211267623,0.20370370370370375,0.7428571428571425,0.0,0.17293233082706733,0.6285714285714287,0.2931036242460119,0.006180031406716985,0.008862813631257021,0.8189076392669207,False
2019-04-16,AIRPORT,0.7704283444335517,0.7489971501505962,0.5551529640282395,0.6142745200470158,0.7541202484919515,0.717733473242392,0.2561475409836068,0.7932692307692325,0.5581395348837209,0.174496644295302,0.7137254901960786,0.39773155818181344,0.38659216378113326,0.09889643463497454,0.09859154929577449,0.09876543209876551,0.8857142857142856,0.0,0.18796992481203006,0.3,0.1980526439339042,0.013069246745352312,0.0004993134440144801,0.9817637452367991,True
2019-04-17,AIRPORT,0.7704283444335517,0.7489971501505962,0.5551529640282395,0.6142745200470158,0.8043038283339575,0.7995802728226656,0.1618852459016367,0.0,0.6085271317829457,0.49328859060402686,0.2549019607843137,0.1548922867256361,0.3045338985893196,0.14091680814940577,0.1408450704225348,0.14197530864197502,0.8285714285714284,0.0,0.07518796992481176,0.6,0.127078251462048,0.003647231649865762,0.1715141680189739,0.952972842194399,False
2019-04-18,AIRPORT,0.8251715744278048,0.7761044854738713,0.5855465491265424,0.6273344651952462,1.0,0.7534102833158446,0.11885245901639262,0.7932692307692325,0.5503875968992248,0.43624161073825507,1.0,0.07954371080877935,0.39381661825767894,0.13412563667232597,0.1338028169014082,0.13271604938271594,0.8285714285714284,0.0,0.07518796992481176,0.5,0.24540973065656926,0.02005977407426169,0.0004993134440144801,0.952972842194399,False
2019-04-19,AIRPORT,0.8251715744278048,0.7761044854738713,0.5855465491265424,0.6273344651952462,0.872272268829017,0.7544596012591812,0.15368852459016408,0.0,0.46124031007751937,0.5201342281879195,0.2784313725490196,0.29344097291758237,1.0,0.11290322580645161,0.11267605633802771,0.11419753086419729,0.857142857142857,0.0,0.11278195488721764,0.4714285714285714,0.09515304299900999,0.0011144318930145383,0.017725627262514042,0.017691888949374044,True
2019-04-22,AIRPORT,0.9181429392474403,0.7787787517389485,0.7264452828309239,0.6473488311349093,0.8093869082796649,0.9003147953830007,0.17827868852458661,0.0,1.0,0.5604026845637584,0.2784313725490196,0.006359023441259009,0.0,0.3522920203735144,0.3521126760563383,0.35185185185185147,0.6000000000000001,0.0,0.09774436090225555,1.0,0.43896141009808226,0.0014690238589737095,0.0007489701660217201,0.3668118308836872,True
2019-04-23,AIRPORT,0.8771594712464923,0.8020232580126692,0.5290550720306799,0.6970745722867965,0.7101256728764077,0.9265477439664216,0.0,0.0,0.49612403100775193,0.21476510067114093,0.2470588235294118,0.5104098124023064,0.28966909717796846,0.5564516129032258,0.5563380281690145,0.5555555555555551,0.39999999999999986,0.0,0.38345864661654117,0.9285714285714285,0.10816603557905266,0.34071222329162654,0.007989015104231681,0.6353656323716204,False
2019-04-24,AIRPORT,1.0,0.9445832601736914,0.7703983165863559,0.985536110748335,0.7101256728764077,1.0,0.08606557377048815,0.0,0.4767441860465116,0.5033557046979866,0.3333333333333333,0.45690298653031397,0.19669700892827197,0.5564516129032258,0.5563380281690145,0.5555555555555551,0.39999999999999986,0.0,0.5714285714285713,0.5142857142857143,0.2884699782606477,0.6099488374449116,0.0011234552490325801,0.6353656323716204,True
2019-04-25,AIRPORT,0.9498461746509347,0.9191777306554652,0.5155454285109509,0.5794697662269819,0.7101256728764077,0.9695697796432312,0.17622950819671962,0.0,0.5232558139534883,0.4429530201342282,0.21176470588235297,0.4578080745293152,0.1748827786982566,0.5704584040747029,0.5704225352112677,0.5709876543209875,0.3714285714285713,0.0,0.5789473684210523,0.5428571428571429,0.03625266638769532,0.23473988146497138,0.016976657096492324,0.6353656323716204,True
2019-04-26,AIRPORT,0.8357703100172439,0.941692891584165,0.42137636497204684,0.6953114796917853,0.7101256728764077,0.7565582371458545,0.3053278688524565,0.0,0.0,0.6442953020134229,0.20588235294117646,0.6906939788240618,0.33596731890231224,0.6196943972835314,0.6197183098591553,0.6203703703703702,0.34285714285714264,0.0,0.5563909774436084,0.6142857142857143,0.08220128803110871,0.8022389949850565,0.0017475970540506804,0.6353656323716204,True
2019-04-29,AIRPORT,0.9044423408499292,0.9791326192952353,0.6905731326186296,0.7313895781637717,0.7101256728764077,0.6558237145855194,0.28278688524590095,0.0,0.3682170542635659,0.30201342281879195,0.02745098039215687,0.5383557047852626,0.22582289689221008,0.6689303904923599,0.6690140845070423,0.6697530864197531,0.2857142857142854,0.0,0.6616541353383457,0.6142857142857143,0.10067463436042418,0.03849855630413859,0.005242791162152041,0.4624085163007319,True
2019-04-30,AIRPORT,0.9137901889854289,1.0,0.603202470334815,0.6913608462844457,0.7101256728764077,0.8289611752360956,0.2622950819672124,0.0,0.9302325581395349,0.5134228187919463,0.17058823529411768,0.5742653312283968,0.23401329514277858,0.7185908319185059,0.7183098591549297,0.7191358024691358,0.22857142857142823,0.0,0.6691729323308268,0.6142857142857143,0.33810306290123393,0.505242895496682,0.012358007739358383,0.6353656323716204,False
2019-05-01,AIRPORT,0.9463470705568143,0.9102364969813207,0.637393697159862,0.4238605197858169,0.7101256728764077,0.6841552990556133,0.2459016393442625,0.0,0.23643410852713176,0.3456375838926175,0.08823529411764706,0.46456242376324147,0.08681419669030098,0.7185908319185059,0.7183098591549297,0.7191358024691358,0.22857142857142823,0.0,0.6691729323308268,0.6142857142857143,0.33810306290123393,0.505242895496682,0.012358007739358383,0.6353656323716204,False
2019-05-02,AIRPORT,0.8087748064505224,0.8484447385837194,0.38676179447910053,0.4915110356536503,0.7101256728764077,0.5907660020986354,0.020491803278688544,0.0,0.011627906976744196,0.026845637583892586,0.11764705882352942,0.564912755238717,0.41217625790698764,0.6973684210526315,0.6971830985915493,0.6975308641975307,0.25714285714285684,0.0,0.7368421052631575,0.4714285714285714,0.06867798201655456,0.0004559039562332202,0.024466358756709525,0.7742696425331156,False
2019-05-03,AIRPORT,0.8087748064505224,0.8484447385837194,0.38676179447910053,0.4915110356536503,0.7101256728764077,0.5508919202518362,0.09016393442622679,0.0,0.5581395348837209,0.5503355704697986,0.3568627450980393,0.5066646206823011,0.20308967848829798,0.6973684210526315,0.6971830985915493,0.6975308641975307,0.25714285714285684,0.0,0.6015037593984961,0.5142857142857143,0.16628052950121966,0.590243655336609,0.009486955436275122,0.2889675195064417,False
2019-05-06,AIRPORT,0.815823726292302,0.9479193398073983,0.5066676627694147,0.5079665665404205,0.7101256728764077,0.46484784889821607,0.17622950819671962,0.17548076923076852,0.18992248062015504,0.3791946308724833,0.3176470588235294,0.731110839469119,0.4270343513754637,0.6549235993208828,0.654929577464789,0.6543209876543207,0.2857142857142854,0.0,0.6691729323308268,0.4285714285714286,0.009471417344533013,0.0028367357276733703,0.006366246411184621,0.6353656323716204,True
2019-05-07,AIRPORT,0.815823726292302,0.9479193398073983,0.5066676627694147,0.5079665665404205,0.7101256728764077,0.4994753410283313,0.21926229508196368,0.17548076923076852,0.19767441860465113,0.3657718120805369,0.2686274509803922,0.6047704379533567,0.17111291480241755,0.6689303904923599,0.6690140845070423,0.6697530864197531,0.2857142857142854,0.0,0.6390977443609019,0.5428571428571429,0.14257136733381642,0.04128463603667494,0.12757458494569968,0.6353656323716204,False
2019-05-08,AIRPORT,0.41571723181987275,0.7324518159348451,0.0,0.12002089591223715,0.7101256728764077,0.5204616998950682,0.4344262295081934,0.3173076923076886,0.6046511627906976,0.6577181208053693,0.3490196078431373,0.6653931280933593,0.40562259771795783,0.4859932088285229,0.48591549295774644,0.4876543209876543,0.4571428571428571,0.0,0.6842105263157888,0.14285714285714282,0.3178844446258892,0.48624689732029786,0.024840843839720385,0.5861005262202866,False
2019-05-09,AIRPORT,0.41571723181987275,0.7324518159348451,0.0,0.12002089591223715,0.7101256728764077,0.5068205666316892,0.2459016393442625,0.3173076923076886,0.2751937984496124,0.4899328859060403,0.43137254901960786,0.6015896258189356,0.3230142812103812,0.41553480475382004,0.41549295774647904,0.4166666666666665,0.5428571428571429,0.0,0.48120300751879674,0.37142857142857144,0.25181926739403343,0.7842561167114128,0.008363500187242542,0.5861005262202866,False
2019-03-04,GENTING,0.46912505493762413,0.2626453625791812,0.5918718015763326,0.7080449262113099,0.2850386841826937,0.0,0.4733606557377035,0.35336538461538103,0.748062015503876,0.26174496644295303,0.10980392156862746,1.0,0.45311483327407986,0.9634146341463414,0.9636363636363628,0.9615384615384601,0.8039215686274508,0.0,1.0,0.14285714285714288,0.43194407488933506,0.01160643629649169,0.0003864547606395826,0.5606060606060607,False
2019-03-05,GENTING,0.292792183643803,0.21084833668742095,0.3321006561826853,0.5828000522397806,0.3121526262841104,0.0,0.4733606557377035,0.35336538461538103,0.748062015503876,0.26174496644295303,0.10980392156862746,1.0,0.45311483327407986,0.9272983114446529,0.9272727272727272,0.92948717948718,0.8039215686274508,0.0,0.8148148148148139,0.35714285714285715,0.2455189763189086,0.07465048799788974,0.011062267523308052,0.5606060606060607,True
2019-03-06,GENTING,0.2817877548260603,0.20921406285876304,0.45325165290799746,0.6369335248791955,0.36060325548075817,0.0,0.4733606557377035,0.35336538461538103,0.748062015503876,0.26174496644295303,0.10980392156862746,1.0,0.45311483327407986,1.0,1.0,1.0,0.7941176470588232,0.0,0.944444444444444,0.5,0.1553542488086887,0.012793458190451069,0.2886333993526883,0.5606060606060607,False
2019-03-07,GENTING,0.16923323979850535,0.11407501451937492,0.4236175961550434,0.41089852422619827,0.3910598100239368,0.0,0.4733606557377035,0.35336538461538103,0.748062015503876,0.26174496644295303,0.10980392156862746,1.0,0.45311483327407986,0.9455909943714822,0.9454545454545451,0.9487179487179476,0.8039215686274508,0.0,0.9074074074074078,0.3333333333333333,0.08194044653007909,0.0031653917172250064,0.0009178300565190088,0.5606060606060607,False
2019-03-08,GENTING,0.0,0.0,0.34011928330407276,0.3651234164816508,0.35908346370977523,0.0,0.4733606557377035,0.35336538461538103,0.748062015503876,0.26174496644295303,0.10980392156862746,1.0,0.45311483327407986,0.8180112570356473,0.8181818181818175,0.82051282051282,0.8333333333333329,0.0,0.9074074074074078,0.23809523809523808,0.0421494400232215,0.14468477974149302,0.002801797014636974,0.5606060606060607,False
2019-03-11,GENTING,0.06882416579329956,0.22902794473183002,0.46962509182822204,0.7485307561708241,0.37242559419204974,0.0,0.4733606557377035,0.35336538461538103,0.748062015503876,0.26174496644295303,0.10980392156862746,1.0,0.45311483327407986,0.6909005628517824,0.6909090909090915,0.6923076923076925,0.8627450980392156,0.0,0.7777777777777776,0.23809523809523808,0.2962555332478653,0.053811659192825115,0.0011110574368388,0.5606060606060607,True
2019-03-12,GENTING,0.06882416579329956,0.22902794473183002,0.46962509182822204,0.7485307561708241,0.32757434959765075,0.0,0.4733606557377035,0.35336538461538103,0.748062015503876,0.26174496644295303,0.10980392156862746,1.0,0.45311483327407986,0.7453095684803002,0.7454545454545447,0.7435897435897426,0.009803921568627243,0.0,0.6111111111111112,0.6428571428571428,0.18634043685445442,0.02796096016882089,0.050190812038065795,0.5606060606060607,False
2019-03-13,GENTING,0.06882416579329956,0.22902794473183002,0.46962509182822204,0.7485307561708241,0.3692490079645709,0.0,0.4733606557377035,0.35336538461538103,0.748062015503876,0.26174496644295303,0.10980392156862746,1.0,0.45311483327407986,0.7453095684803002,0.7454545454545447,0.7435897435897426,0.009803921568627243,0.0,0.6481481481481475,0.40476190476190477,0.21923756077501755,0.04708520179372197,0.041012511472875705,0.5606060606060607,False
2019-03-14,GENTING,0.06882416579329956,0.22902794473183002,0.46962509182822204,0.7485307561708241,0.3917295931367327,0.0,0.4733606557377035,0.35336538461538103,0.748062015503876,0.26174496644295303,0.10980392156862746,1.0,0.45311483327407986,0.6909005628517824,0.6909090909090915,0.6923076923076925,0.01960784313725492,0.0,0.7222222222222215,0.3333333333333333,0.14137297114244937,0.005407544183592719,0.011980097579827062,0.5606060606060607,False
2019-03-15,GENTING,0.20006592514959867,0.28289144910114905,0.5982095053104728,0.6000718296983153,0.32191625673674523,0.19307450157397651,0.7295081967213103,0.39182692307692285,0.5116279069767441,0.5604026845637584,0.07058823529411767,0.12097749503892138,0.07808716300971981,0.6360225140712945,0.6363636363636365,0.6346153846153849,0.02941176470588216,0.0,0.5925925925925931,0.3333333333333333,1.0,0.050514376154049065,0.3383411429399546,0.5606060606060607,True
2019-03-18,GENTING,0.4902718144629634,0.43574332446413344,0.7627532279954676,0.7375604022463106,0.3106986596364041,0.19307450157397651,0.7295081967213103,0.39182692307692285,0.5116279069767441,0.5604026845637584,0.07058823529411767,0.12097749503892138,0.07808716300971981,0.7818949343339587,0.7818181818181819,0.7820512820512825,0.0,0.0,0.5370370370370371,0.5952380952380952,0.1476742217169396,0.01160643629649169,1.0,0.5606060606060607,False
2019-03-19,GENTING,0.4902718144629634,0.43574332446413344,0.7627532279954676,0.7375604022463106,0.275355667977244,0.2696747114375656,0.7684426229508204,0.39182692307692285,0.5736434108527132,0.6711409395973155,0.09803921568627451,0.04975383166923715,0.1657264366736653,0.599906191369606,0.5999999999999993,0.6025641025641025,0.03921568627450984,0.0,0.6296296296296293,0.16666666666666666,0.2984083597397257,0.013057240833553153,0.016472634172262208,0.5606060606060607,False
2019-03-20,GENTING,0.35003718854592913,0.40855495076918874,0.5561615180605879,0.6718035784249706,0.12882115535155708,0.16998950682056635,0.7684426229508204,0.39182692307692285,0.22868217054263565,0.5033557046979866,0.0,0.0,0.22505148346156684,0.599906191369606,0.5999999999999993,0.6025641025641025,0.03921568627450984,0.0,0.49999999999999917,0.40476190476190477,0.20345419801165912,0.04286467950408863,0.06593884353412878,0.5606060606060607,False
2019-03-21,GENTING,0.35003718854592913,0.40855495076918874,0.5561615180605879,0.6718035784249706,0.0,0.32633788037775435,0.9733606557377058,0.8581730769230744,0.3410852713178294,1.0,0.47450980392156866,0.4617899415594042,0.4025436519382601,0.5633208255159474,0.5636363636363638,0.5641025641025649,0.03921568627450984,0.0,0.49999999999999917,0.35714285714285715,0.4840956919281101,1.0,0.019902420172938504,0.5606060606060607,True
2019-03-22,GENTING,0.413536630717738,0.5638920028633555,0.8594249996887179,1.0,0.23890319482061417,0.25183630640083926,0.8442622950819643,0.8581730769230744,0.16279069767441856,0.6006711409395973,0.3647058823529412,0.5438434509861038,0.3769260180980299,0.5816135084427767,0.5818181818181816,0.5833333333333326,0.03921568627450984,0.0,0.4444444444444448,0.4285714285714286,0.2158631866669892,0.002505935109469797,0.08960919762330322,0.5606060606060607,False
2019-03-25,GENTING,0.024586700023665566,0.2987749699482704,0.01644814662632448,0.0,0.17447279216869893,0.2077649527806922,1.0,0.9639423076923076,0.3643410852713178,0.6879194630872484,0.35294117647058826,0.49603243752161935,0.2064168181543766,0.4727954971857411,0.47272727272727333,0.47435897435897495,0.05882352941176432,0.0,0.48148148148148107,0.2619047619047619,0.13913548293461697,0.005275652862041678,0.009274914255349983,0.5606060606060607,False
2019-03-26,GENTING,0.024586700023665566,0.2987749699482704,0.01644814662632448,0.0,0.27325837028578404,0.2077649527806922,1.0,0.9639423076923076,0.3643410852713178,0.6879194630872484,0.35294117647058826,0.49603243752161935,0.2064168181543766,0.3269230769230769,0.32727272727272794,0.3269230769230774,0.08823529411764691,0.0,0.3703703703703707,0.2142857142857143,0.09814711787329769,0.07016618306515432,0.0422201825998744,0.8605621431708388,False
2019-03-27,GENTING,0.12877379221745208,0.2997339240130201,0.5494129219428984,0.48367506856471204,0.27913181505349144,0.3210912906610698,0.8934426229508187,1.0,0.4341085271317829,0.4228187919463088,0.32941176470588235,0.47268480830600296,0.1837372632934658,0.017823639774859287,0.018181818181819385,0.019230769230769933,0.137254901960784,0.0,0.2222222222222224,0.0,0.35815534215427786,0.2301503561065682,0.005941741944833583,0.8605621431708388,True
2019-03-28,GENTING,0.12877379221745208,0.2997339240130201,0.5494129219428984,0.48367506856471204,0.26538171224009616,0.18887722980062926,0.6045081967213121,0.7932692307692325,0.15116279069767438,0.1040268456375839,0.25098039215686274,0.653676399830426,0.6224098955573294,0.18151969981238275,0.18181818181818254,0.17948717948717996,0.10784313725490184,0.0,0.018518518518518122,0.619047619047619,0.6355917853946446,0.019783698232656292,0.007390947297232018,0.8605621431708388,False
2019-03-29,GENTING,0.20642178572635958,0.33456691743540556,0.7038212991670091,0.7250881546297505,0.2935426537979656,0.3840503672612798,0.6516393442622948,0.7932692307692325,0.9147286821705426,0.6879194630872484,0.6549019607843138,0.5376768887860117,0.3931726557416637,0.07270168855534709,0.0727272727272727,0.07051282051282232,0.12745098039215674,0.0,0.20370370370370264,0.2619047619047619,0.871386758907622,0.0038248483249802164,0.0030433312400367134,0.8605621431708388,False
2019-04-01,GENTING,0.6636380540248139,0.5503180756088003,1.0,0.9660441426146011,0.30820038775010267,0.35362014690451177,0.4180327868852435,0.7932692307692325,0.8023255813953487,0.4899328859060403,0.592156862745098,0.48708819146252336,0.27057158381239227,0.0,0.0,0.0,0.1470588235294117,0.0,0.05555555555555601,0.3095238095238095,0.6819864057473211,0.31337378000527566,0.007149413071832278,0.6630905326557501,True
2019-04-02,GENTING,0.6636380540248139,0.5503180756088003,1.0,0.9660441426146011,0.29395916658739485,0.5267576075550887,0.4774590163934421,0.7932692307692325,0.5542635658914729,0.43959731543624164,0.6823529411764705,0.5678204804768877,0.2267217612374813,0.18151969981238275,0.18181818181818254,0.17948717948717996,0.10784313725490184,0.0,0.0,0.6428571428571428,0.19553228030284706,0.09773146926932208,0.005748514564513791,0.6630905326557501,True
2019-04-03,GENTING,0.5966226038743716,0.5770337254690088,0.4907051162327394,0.7054655870445344,0.29395916658739485,0.6117523609653722,0.5409836065573748,0.7932692307692325,0.4844961240310077,0.5033557046979866,0.6509803921568628,0.4712309456869176,0.14688382513734513,0.6360225140712945,0.6363636363636365,0.6346153846153849,0.8725490196078428,0.0,0.16666666666666638,1.0,0.31570353885972763,0.026246372988657347,0.005362059803874209,0.6630905326557501,False
2019-04-04,GENTING,0.6295851786740606,0.640324693742487,0.638028712661711,0.793881415698054,0.29765037150020396,0.6002098635886671,0.35655737704917784,0.7932692307692325,0.4883720930232558,0.20469798657718122,0.6529411764705881,0.43757883758611993,0.2595638495542572,0.36350844277673544,0.3636363636363635,0.36538461538461503,0.9411764705882353,0.0,0.4444444444444448,0.04761904761904766,0.28293945477854915,0.0027697177525718808,0.46524322496497755,0.732686395729874,False
2019-04-05,GENTING,0.6295851786740606,0.640324693742487,0.638028712661711,0.793881415698054,0.3796434915126231,0.5624344176285413,0.40573770491803224,0.7932692307692325,0.4883720930232558,0.31879194630872487,0.6705882352941177,0.43168016062711156,0.28282699544530676,0.3269230769230769,0.32727272727272794,0.3269230769230774,0.9509803921568625,0.0,0.25925925925925863,0.35714285714285715,0.07288164292107109,0.020970720126615668,0.0008695232114390609,1.0,True
2019-04-08,GENTING,0.7334510970621057,0.7191074974000187,0.4848779151569484,0.6904792999869401,0.4740342806612858,0.6768100734522555,0.7499999999999989,0.7932692307692325,0.5310077519379844,0.8389261744966444,0.6431372549019607,0.40611402548290865,0.19699215841477893,0.4179174484052533,0.41818181818181843,0.4166666666666674,0.9313725490196075,0.0,0.25925925925925863,0.5238095238095238,0.2006845504462882,0.0042205222896333425,0.003574706535916139,0.2714646464646465,False
2019-04-09,GENTING,0.7334510970621057,0.7191074974000187,0.4848779151569484,0.6904792999869401,0.4770244397504347,0.7701993704092343,0.7786885245901647,0.7932692307692325,0.3643410852713178,0.6744966442953021,0.511764705882353,0.4748877092690894,0.24691937723458346,0.4179174484052533,0.41818181818181843,0.4166666666666674,0.9313725490196075,0.0,0.31481481481481466,0.40476190476190477,0.08862872209187006,0.013057240833553153,0.04941790251678663,0.2714646464646465,False
2019-04-10,GENTING,0.5724923087325486,0.6588689744594058,0.3523090906827039,0.495233120020896,0.5745256254208846,0.7859391395592858,0.7438524590163932,0.7932692307692325,0.5852713178294574,0.4026845637583893,0.38627450980392164,0.41648092423009003,0.11628889768374732,0.3452157598499062,0.34545454545454574,0.34615384615384737,0.9509803921568625,0.0,0.29629629629629656,0.3095238095238095,0.11851430782999928,0.07755209707201266,0.008115549973431235,0.2714646464646465,False
2019-04-11,GENTING,0.5780536867372126,0.7331001229081964,0.5975993923773237,0.8203278046232206,0.7353011238459486,0.7429171038824761,0.6127049180327847,0.7932692307692325,0.1821705426356589,0.0,0.27647058823529413,0.5473935806373588,0.4219765624475942,0.14540337711069418,0.1454545454545454,0.1474358974358975,1.0,0.0,0.24074074074074053,0.14285714285714288,0.13221741128661618,0.3782643102083883,0.013187768706825757,0.2714646464646465,True
2019-04-12,GENTING,0.5661279962135297,0.7103013276786551,0.5718625876259136,0.5857711897610031,0.6170817369865627,0.8069254984260228,0.5102459016393419,0.7932692307692325,0.817829457364341,0.5234899328859061,0.6784313725490196,0.46434395424624114,0.20894571261831135,0.18151969981238275,0.18181818181818254,0.17948717948717996,0.9901960784313724,0.0,0.07407407407407414,0.45238095238095233,0.09761495851575917,0.020706937483513585,0.00289841070479687,0.2714646464646465,False
2019-04-15,GENTING,0.7936965414652286,0.7600048623022996,0.9246199245452167,0.7610356536502546,0.610068650987685,0.6904512067156345,0.33606557377048935,0.7932692307692325,0.26744186046511625,0.174496644295302,0.6392156862745099,0.388698883984884,0.34248073143409113,0.16322701688555347,0.16363636363636477,0.16025641025641002,0.9901960784313724,0.0,0.07407407407407414,0.38095238095238093,0.03368326842601776,0.04167765761012925,0.002801797014636974,0.3292160737812912,True
2019-04-16,GENTING,0.7704283444335517,0.7489971501505962,0.5551529640282395,0.6142745200470158,0.7541202484919515,0.717733473242392,0.2561475409836068,0.7932692307692325,0.5581395348837209,0.174496644295302,0.7137254901960786,0.39773155818181344,0.38659216378113326,0.25422138836772984,0.25454545454545524,0.2564102564102574,0.9705882352941174,0.0,0.05555555555555601,0.5238095238095238,0.1607725986308991,0.0018464785017145871,0.007439254142311965,0.3292160737812912,True
2019-04-17,GENTING,0.7704283444335517,0.7489971501505962,0.5551529640282395,0.6142745200470158,0.8043038283339575,0.7995802728226656,0.1618852459016367,0.0,0.6085271317829457,0.49328859060402686,0.2549019607843137,0.1548922867256361,0.3045338985893196,0.2725140712945591,0.27272727272727304,0.2756410256410273,0.9705882352941174,0.0,0.11111111111111038,0.4285714285714286,0.17192375607750177,0.009628066473226062,0.0013525916622385392,0.3292160737812912,False
2019-04-18,GENTING,0.8251715744278048,0.7761044854738713,0.5855465491265424,0.6273344651952462,1.0,0.7534102833158446,0.11885245901639262,0.7932692307692325,0.5503875968992248,0.43624161073825507,1.0,0.07954371080877935,0.39381661825767894,0.25422138836772984,0.25454545454545524,0.2564102564102574,0.9705882352941174,0.0,0.20370370370370264,0.38095238095238093,0.2063568854164147,0.005671326826694804,0.004734070817834887,0.6334541062801933,True
2019-04-19,GENTING,0.8251715744278048,0.7761044854738713,0.5855465491265424,0.6273344651952462,0.872272268829017,0.7544596012591812,0.15368852459016408,0.0,0.46124031007751937,0.5201342281879195,0.2784313725490196,0.29344097291758237,1.0,0.3269230769230769,0.32727272727272794,0.3269230769230774,0.9509803921568625,0.0,0.14814814814814828,0.5,0.05704990203430009,0.008968609865470852,0.03347664364040385,0.8520714390279608,True
2019-04-22,GENTING,0.9181429392474403,0.7787787517389485,0.7264452828309239,0.6473488311349093,0.8093869082796649,0.9003147953830007,0.17827868852458661,0.0,1.0,0.5604026845637584,0.2784313725490196,0.006359023441259009,0.0,0.3452157598499062,0.34545454545454574,0.34615384615384737,0.9509803921568625,0.0,0.2222222222222224,0.4285714285714286,0.2213541036743185,0.020179372197309416,0.0023187285638374957,0.8520714390279608,True
2019-04-23,GENTING,0.8771594712464923,0.8020232580126692,0.5290550720306799,0.6970745722867965,0.7101256728764077,0.9265477439664216,0.0,0.0,0.49612403100775193,0.21476510067114093,0.2470588235294118,0.5104098124023064,0.28966909717796846,0.3818011257035647,0.3818181818181813,0.38461538461538497,0.9411764705882353,0.0,0.25925925925925863,0.45238095238095233,0.018153890810575456,0.1810867844895806,0.3313849572484421,0.7827184892402285,True
2019-04-24,GENTING,1.0,0.9445832601736914,0.7703983165863559,0.985536110748335,0.7101256728764077,1.0,0.08606557377048815,0.0,0.4767441860465116,0.5033557046979866,0.3333333333333333,0.45690298653031397,0.19669700892827197,0.4727954971857411,0.47272727272727333,0.47435897435897495,0.9117647058823527,0.0,0.2777777777777768,0.5238095238095238,0.270361142691275,0.14389343181218675,0.0017390464228781218,0.7827184892402285,True
2019-04-25,GENTING,0.9498461746509347,0.9191777306554652,0.5155454285109509,0.5794697662269819,0.7101256728764077,0.9695697796432312,0.17622950819671962,0.0,0.5232558139534883,0.4429530201342282,0.21176470588235297,0.4578080745293152,0.1748827786982566,0.8180112570356473,0.8181818181818175,0.82051282051282,0.8333333333333329,0.0,0.40740740740740694,0.857142857142857,0.4885101956895092,0.0011870218939593776,0.1872373315298778,0.7827184892402285,False
2019-04-26,GENTING,0.8357703100172439,0.941692891584165,0.42137636497204684,0.6953114796917853,0.7101256728764077,0.7565582371458545,0.3053278688524565,0.0,0.0,0.6442953020134229,0.20588235294117646,0.6906939788240618,0.33596731890231224,0.7270168855534709,0.727272727272727,0.7307692307692301,0.8529411764705879,0.0,0.7037037037037035,0.2857142857142857,0.08005369971698797,0.04049063571616988,0.0003864547606395826,0.7827184892402285,True
2019-04-29,GENTING,0.9044423408499292,0.9791326192952353,0.6905731326186296,0.7313895781637717,0.7101256728764077,0.6558237145855194,0.28278688524590095,0.0,0.3682170542635659,0.30201342281879195,0.02745098039215687,0.5383557047852626,0.22582289689221008,0.8180112570356473,0.8181818181818175,0.82051282051282,0.8333333333333329,0.0,0.6296296296296293,0.5238095238095238,0.15303209888488425,0.009232392508572936,0.09782136128689435,0.7827184892402285,False
2019-04-30,GENTING,0.9137901889854289,1.0,0.603202470334815,0.6913608462844457,0.7101256728764077,0.8289611752360956,0.2622950819672124,0.0,0.9302325581395349,0.5134228187919463,0.17058823529411768,0.5742653312283968,0.23401329514277858,0.799718574108818,0.7999999999999997,0.8012820512820501,0.8333333333333329,0.0,0.6296296296296293,0.38095238095238093,0.2731186957257928,0.11197573199683461,0.035457224288681706,0.7827184892402285,False
2019-05-01,GENTING,0.9463470705568143,0.9102364969813207,0.637393697159862,0.4238605197858169,0.7101256728764077,0.6841552990556133,0.2459016393442625,0.0,0.23643410852713176,0.3456375838926175,0.08823529411764706,0.46456242376324147,0.08681419669030098,0.799718574108818,0.7999999999999997,0.8012820512820501,0.8333333333333329,0.0,0.6296296296296293,0.38095238095238093,0.2731186957257928,0.11197573199683461,0.035457224288681706,0.7827184892402285,False
2019-05-02,GENTING,0.8087748064505224,0.8484447385837194,0.38676179447910053,0.4915110356536503,0.7101256728764077,0.5907660020986354,0.020491803278688544,0.0,0.011627906976744196,0.026845637583892586,0.11764705882352942,0.564912755238717,0.41217625790698764,0.7453095684803002,0.7454545454545447,0.7435897435897426,0.8529411764705879,0.0,0.7222222222222215,0.3333333333333333,0.12552913572482524,0.033632286995515695,0.0003864547606395826,0.7827184892402285,False
2019-05-03,GENTING,0.8087748064505224,0.8484447385837194,0.38676179447910053,0.4915110356536503,0.7101256728764077,0.5508919202518362,0.09016393442622679,0.0,0.5581395348837209,0.5503355704697986,0.3568627450980393,0.5066646206823011,0.20308967848829798,0.5272045028142589,0.5272727272727267,0.5256410256410251,0.9019607843137254,0.0,0.5925925925925931,0.11904761904761908,0.1566120800174161,0.36151411237140596,0.0003864547606395826,0.7827184892402285,False
2019-05-06,GENTING,0.815823726292302,0.9479193398073983,0.5066676627694147,0.5079665665404205,0.7101256728764077,0.46484784889821607,0.17622950819671962,0.17548076923076852,0.18992248062015504,0.3791946308724833,0.3176470588235294,0.731110839469119,0.4270343513754637,0.5272045028142589,0.5272727272727267,0.5256410256410251,0.9019607843137254,0.0,0.3518518518518509,0.40476190476190477,0.0,0.0,0.004878991353074731,0.7827184892402285,True
2019-05-07,GENTING,0.815823726292302,0.9479193398073983,0.5066676627694147,0.5079665665404205,0.7101256728764077,0.4994753410283313,0.21926229508196368,0.17548076923076852,0.19767441860465113,0.3657718120805369,0.2686274509803922,0.6047704379533567,0.17111291480241755,0.5454971857410882,0.5454545454545461,0.5448717948717949,0.9019607843137254,0.0,0.3703703703703707,0.4285714285714286,0.02624513195133161,0.1685571089422316,0.0,0.7827184892402285,False
2019-05-08,GENTING,0.41571723181987275,0.7324518159348451,0.0,0.12002089591223715,0.7101256728764077,0.5204616998950682,0.4344262295081934,0.3173076923076886,0.6046511627906976,0.6577181208053693,0.3490196078431373,0.6653931280933593,0.40562259771795783,0.4545028142589118,0.454545454545454,0.455128205128205,0.9215686274509803,0.0,0.5185185185185189,0.2857142857142857,0.055659030986188046,0.10735953574254814,0.0008695232114390609,0.7827184892402285,False
2019-05-09,GENTING,0.41571723181987275,0.7324518159348451,0.0,0.12002089591223715,0.7101256728764077,0.5068205666316892,0.2459016393442625,0.3173076923076886,0.2751937984496124,0.4899328859060403,0.43137254901960786,0.6015896258189356,0.3230142812103812,0.29080675422138835,0.2909090909090908,0.2884615384615399,0.9607843137254901,0.0,0.31481481481481466,0.1904761904761905,0.25682736266660217,0.002242152466367713,0.00845369788899087,0.0,False
2019-03-04,GAMUDA,0.46912505493762413,0.2626453625791812,0.5918718015763326,0.7080449262113099,0.2850386841826937,0.0,0.4733606557377035,0.35336538461538103,0.748062015503876,0.26174496644295303,0.10980392156862746,1.0,0.45311483327407986,0.17332613390928725,0.17333333333333378,0.08863198458574198,0.7912087912087908,1.0,0.09722222222222258,0.2777777777777778,0.2841054925695019,0.0166268418956591,0.0022390995188961843,0.22942559623782333,True
2019-03-05,GAMUDA,0.292792183643803,0.21084833668742095,0.3321006561826853,0.5828000522397806,0.3121526262841104,0.0,0.4733606557377035,0.35336538461538103,0.748062015503876,0.26174496644295303,0.10980392156862746,1.0,0.45311483327407986,0.22624190064794816,0.22666666666666715,0.12909441233140656,0.7252747252747254,1.0,0.11111111111111117,0.36111111111111116,0.6281105955789106,0.2804327625116156,0.0450997004447941,0.22942559623782333,True
2019-03-06,GAMUDA,0.2817877548260603,0.20921406285876304,0.45325165290799746,0.6369335248791955,0.36060325548075817,0.0,0.4733606557377035,0.35336538461538103,0.748062015503876,0.26174496644295303,0.10980392156862746,1.0,0.45311483327407986,0.25323974082073436,0.25333333333333385,0.14836223506743731,0.6923076923076921,1.0,0.23611111111111158,0.3055555555555556,0.19283604304145435,0.0032855436081242534,0.06455565977790553,0.22942559623782333,False
2019-03-07,GAMUDA,0.16923323979850535,0.11407501451937492,0.4236175961550434,0.41089852422619827,0.3910598100239368,0.0,0.4733606557377035,0.35336538461538103,0.748062015503876,0.26174496644295303,0.10980392156862746,1.0,0.45311483327407986,0.25323974082073436,0.25333333333333385,0.14836223506743731,0.6923076923076921,1.0,0.22222222222222235,0.25,0.2345106198789554,0.6001924863932032,0.0684286967835638,0.22942559623782333,False
2019-03-08,GAMUDA,0.0,0.0,0.34011928330407276,0.3651234164816508,0.35908346370977523,0.0,0.4733606557377035,0.35336538461538103,0.748062015503876,0.26174496644295303,0.10980392156862746,1.0,0.45311483327407986,0.23974082073434125,0.2400000000000002,0.1387283236994221,0.7142857142857145,1.0,0.25000000000000017,0.22222222222222224,0.19731636380204576,0.3011416434355502,0.05960846016520924,0.22942559623782333,False
2019-03-11,GAMUDA,0.06882416579329956,0.22902794473183002,0.46962509182822204,0.7485307561708241,0.37242559419204974,0.0,0.4733606557377035,0.35336538461538103,0.748062015503876,0.26174496644295303,0.10980392156862746,1.0,0.45311483327407986,0.2132829373650108,0.2133333333333335,0.11946050096339134,0.7362637362637361,1.0,0.26388888888888934,0.19444444444444442,0.17873442329159295,0.05061064648878269,0.02080244485460982,0.22942559623782333,False
2019-03-12,GAMUDA,0.06882416579329956,0.22902794473183002,0.46962509182822204,0.7485307561708241,0.32757434959765075,0.0,0.4733606557377035,0.35336538461538103,0.748062015503876,0.26174496644295303,0.10980392156862746,1.0,0.45311483327407986,0.2132829373650108,0.2133333333333335,0.11946050096339134,0.7362637362637361,1.0,0.22222222222222235,0.25,0.30916491377280975,0.2110049117217576,0.0061877817785712125,0.22942559623782333,False
2019-03-13,GAMUDA,0.06882416579329956,0.22902794473183002,0.46962509182822204,0.7485307561708241,0.3692490079645709,0.0,0.4733606557377035,0.35336538461538103,0.748062015503876,0.26174496644295303,0.10980392156862746,1.0,0.45311483327407986,0.13336933045356372,0.13333333333333344,0.05973025048169567,0.8351648351648348,1.0,0.22222222222222235,0.08333333333333333,0.2690774336115182,0.026085225009956192,0.008169687433810403,0.22942559623782333,False
2019-03-14,GAMUDA,0.06882416579329956,0.22902794473183002,0.46962509182822204,0.7485307561708241,0.3917295931367327,0.0,0.4733606557377035,0.35336538461538103,0.748062015503876,0.26174496644295303,0.10980392156862746,1.0,0.45311483327407986,0.11987041036717062,0.1200000000000004,0.05009633911368012,0.8461538461538465,1.0,0.13888888888888898,0.22222222222222224,0.27295784701603043,0.6742665604672773,0.0015885503343520228,0.22942559623782333,True
2019-03-15,GAMUDA,0.20006592514959867,0.28289144910114905,0.5982095053104728,0.6000718296983153,0.32191625673674523,0.19307450157397651,0.7295081967213103,0.39182692307692285,0.5116279069767441,0.5604026845637584,0.07058823529411767,0.12097749503892138,0.07808716300971981,0.15982721382289417,0.16000000000000014,0.07899807321772644,0.8021978021978026,1.0,0.1250000000000004,0.3333333333333333,0.603871300887711,0.02203637329085358,0.1527882840630579,0.22942559623782333,True
2019-03-18,GAMUDA,0.4902718144629634,0.43574332446413344,0.7627532279954676,0.7375604022463106,0.3106986596364041,0.19307450157397651,0.7295081967213103,0.39182692307692285,0.5116279069767441,0.5604026845637584,0.07058823529411767,0.12097749503892138,0.07808716300971981,0.17332613390928725,0.17333333333333378,0.08863198458574198,0.7912087912087908,1.0,0.13888888888888898,0.2777777777777778,0.33570511895631305,0.008595513075799813,0.0,0.22942559623782333,False
2019-03-19,GAMUDA,0.4902718144629634,0.43574332446413344,0.7627532279954676,0.7375604022463106,0.275355667977244,0.2696747114375656,0.7684426229508204,0.39182692307692285,0.5736434108527132,0.6711409395973155,0.09803921568627451,0.04975383166923715,0.1657264366736653,0.11987041036717062,0.1200000000000004,0.05009633911368012,0.8461538461538465,1.0,0.18055555555555597,0.1388888888888889,0.0,0.0,0.006596266150261733,0.68827678871347,False
2019-03-20,GAMUDA,0.35003718854592913,0.40855495076918874,0.5561615180605879,0.6718035784249706,0.12882115535155708,0.16998950682056635,0.7684426229508204,0.39182692307692285,0.22868217054263565,0.5033557046979866,0.0,0.0,0.22505148346156684,0.09341252699784017,0.09333333333333371,0.030828516377649356,0.8791208791208788,1.0,0.1250000000000004,0.19444444444444442,0.13656625179402673,0.0166268418956591,0.0027534872462101727,0.68827678871347,True
2019-03-21,GAMUDA,0.35003718854592913,0.40855495076918874,0.5561615180605879,0.6718035784249706,0.0,0.32633788037775435,0.9733606557377058,0.8581730769230744,0.3410852713178294,1.0,0.47450980392156866,0.4617899415594042,0.4025436519382601,0.17332613390928725,0.17333333333333378,0.08863198458574198,0.7912087912087908,1.0,0.09722222222222258,0.4166666666666667,0.09697996005680136,0.004082039028275588,0.0757360283215831,0.22942559623782333,False
2019-03-22,GAMUDA,0.413536630717738,0.5638920028633555,0.8594249996887179,1.0,0.23890319482061417,0.25183630640083926,0.8442622950819643,0.8581730769230744,0.16279069767441856,0.6006711409395973,0.3647058823529412,0.5438434509861038,0.3769260180980299,0.11987041036717062,0.1200000000000004,0.05009633911368012,0.8461538461538465,1.0,0.18055555555555597,0.1388888888888889,0.22803313918610038,0.5871830611973982,0.06263427032587976,0.22942559623782333,False
2019-03-25,GAMUDA,0.024586700023665566,0.2987749699482704,0.01644814662632448,0.0,0.17447279216869893,0.2077649527806922,1.0,0.9639423076923076,0.3643410852713178,0.6879194630872484,0.35294117647058826,0.49603243752161935,0.2064168181543766,0.05345572354211663,0.05333333333333338,0.0,0.9340659340659345,1.0,0.08333333333333338,0.1111111111111111,0.17502107269510278,0.0023894862604540022,0.3931889013283307,0.22942559623782333,False
2019-03-26,GAMUDA,0.024586700023665566,0.2987749699482704,0.01644814662632448,0.0,0.27325837028578404,0.2077649527806922,1.0,0.9639423076923076,0.3643410852713178,0.6879194630872484,0.35294117647058826,0.49603243752161935,0.2064168181543766,0.05345572354211663,0.05333333333333338,0.0,0.9340659340659345,1.0,0.05555555555555559,0.25,0.06648340382877581,0.010819062790388955,0.15086689461103212,0.22942559623782333,False
2019-03-27,GAMUDA,0.12877379221745208,0.2997339240130201,0.5494129219428984,0.48367506856471204,0.27913181505349144,0.3210912906610698,0.8934426229508187,1.0,0.4341085271317829,0.4228187919463088,0.32941176470588235,0.47268480830600296,0.1837372632934658,0.0,0.0,0.19845857418111743,1.0,0.0,0.0694444444444448,0.1388888888888889,0.15351553304426405,0.005011283685118811,0.015129050803352598,0.22942559623782333,True
2019-03-28,GAMUDA,0.12877379221745208,0.2997339240130201,0.5494129219428984,0.48367506856471204,0.26538171224009616,0.18887722980062926,0.6045081967213121,0.7932692307692325,0.15116279069767438,0.1040268456375839,0.25098039215686274,0.653676399830426,0.6224098955573294,0.05345572354211663,0.05333333333333338,0.24084778420038538,0.9340659340659345,0.0,0.0,0.36111111111111116,0.2657741462710822,0.10600026549847338,0.02951677811734092,0.09581793752099431,True
2019-03-29,GAMUDA,0.20642178572635958,0.33456691743540556,0.7038212991670091,0.7250881546297505,0.2935426537979656,0.3840503672612798,0.6516393442622948,0.7932692307692325,0.9147286821705426,0.6879194630872484,0.6549019607843138,0.5376768887860117,0.3931726557416637,0.10637149028077754,0.10666666666666676,0.2832369942196533,0.868131868131868,0.0,0.1250000000000004,0.36111111111111116,0.3328194886359322,0.03979158369839374,0.1479318587551817,0.5411488075243535,True
2019-04-01,GAMUDA,0.6636380540248139,0.5503180756088003,1.0,0.9660441426146011,0.30820038775010267,0.35362014690451177,0.4180327868852435,0.7932692307692325,0.8023255813953487,0.4899328859060403,0.592156862745098,0.48708819146252336,0.27057158381239227,0.13336933045356372,0.13333333333333344,0.30443159922928714,0.8351648351648348,0.0,0.11111111111111117,0.3055555555555556,0.2246007578576473,0.10483870967741936,0.06897334261248449,0.39905945582801483,False
2019-04-02,GAMUDA,0.6636380540248139,0.5503180756088003,1.0,0.9660441426146011,0.29395916658739485,0.5267576075550887,0.4774590163934421,0.7932692307692325,0.5542635658914729,0.43959731543624164,0.6823529411764705,0.5678204804768877,0.2267217612374813,0.13336933045356372,0.13333333333333344,0.30443159922928714,0.8351648351648348,0.0,0.13888888888888898,0.25,0.14081116587058706,0.0027877339705296694,0.029168809948863807,0.39905945582801483,True
2019-04-03,GAMUDA,0.5966226038743716,0.5770337254690088,0.4907051162327394,0.7054655870445344,0.29395916658739485,0.6117523609653722,0.5409836065573748,0.7932692307692325,0.4844961240310077,0.5033557046979866,0.6509803921568628,0.4712309456869176,0.14688382513734513,0.2796976241900648,0.27999999999999997,0.4219653179190751,0.6703296703296706,0.0,0.15277777777777818,0.5555555555555556,0.3784731978099585,0.0014934289127837516,0.010151593089049593,1.0,True
2019-04-04,GAMUDA,0.6295851786740606,0.640324693742487,0.638028712661711,0.793881415698054,0.29765037150020396,0.6002098635886671,0.35655737704917784,0.7932692307692325,0.4883720930232558,0.20469798657718122,0.6529411764705881,0.43757883758611993,0.2595638495542572,0.3596112311015119,0.36000000000000004,0.4874759152215799,0.5824175824175826,0.0,0.27777777777777796,0.4166666666666667,0.28991472203026875,0.0721160228328687,0.008109171230596993,0.22942559623782333,True
2019-04-05,GAMUDA,0.6295851786740606,0.640324693742487,0.638028712661711,0.793881415698054,0.3796434915126231,0.5624344176285413,0.40573770491803224,0.7932692307692325,0.4883720930232558,0.31879194630872487,0.6705882352941177,0.43168016062711156,0.28282699544530676,0.39956803455723544,0.40000000000000036,0.5183044315992292,0.5384615384615387,0.0,0.3888888888888891,0.3333333333333333,0.006378761760841996,0.004646223284216116,0.006081878422947744,0.22942559623782333,True
2019-04-08,GAMUDA,0.7334510970621057,0.7191074974000187,0.4848779151569484,0.6904792999869401,0.4740342806612858,0.6768100734522555,0.7499999999999989,0.7932692307692325,0.5310077519379844,0.8389261744966444,0.6431372549019607,0.40611402548290865,0.19699215841477893,0.5998920086393088,0.6000000000000002,0.6801541425818882,0.34065934065934067,0.0,0.4583333333333333,0.6666666666666666,0.8733132351712773,0.03222487720695606,0.046128475899422074,0.5833893181054753,True
2019-04-09,GAMUDA,0.7334510970621057,0.7191074974000187,0.4848779151569484,0.6904792999869401,0.4770244397504347,0.7701993704092343,0.7786885245901647,0.7932692307692325,0.3643410852713178,0.6744966442953021,0.511764705882353,0.4748877092690894,0.24691937723458346,0.6398488120950324,0.64,0.7109826589595375,0.30769230769230793,0.0,0.6250000000000001,0.3333333333333333,0.3047757181802304,0.0995287402097438,0.06441949832067537,0.22942559623782333,True
2019-04-10,GAMUDA,0.5724923087325486,0.6588689744594058,0.3523090906827039,0.495233120020896,0.5745256254208846,0.7859391395592858,0.7438524590163932,0.7932692307692325,0.5852713178294574,0.4026845637583893,0.38627450980392164,0.41648092423009003,0.11628889768374732,0.6663066954643628,0.6666666666666666,0.7321772639691714,0.2857142857142859,0.0,0.6666666666666664,0.3055555555555556,0.25199905837326386,0.0316938802601885,0.03245181397319132,0.0,False
2019-04-11,GAMUDA,0.5780536867372126,0.7331001229081964,0.5975993923773237,0.8203278046232206,0.7353011238459486,0.7429171038824761,0.6127049180327847,0.7932692307692325,0.1821705426356589,0.0,0.27647058823529413,0.5473935806373588,0.4219765624475942,0.5998920086393088,0.6000000000000002,0.6801541425818882,0.34065934065934067,0.0,0.6944444444444443,0.1111111111111111,0.1249250115804901,0.0016261781494756405,0.0681715029199068,0.22942559623782333,False
2019-04-12,GAMUDA,0.5661279962135297,0.7103013276786551,0.5718625876259136,0.5857711897610031,0.6170817369865627,0.8069254984260228,0.5102459016393419,0.7932692307692325,0.817829457364341,0.5234899328859061,0.6784313725490196,0.46434395424624114,0.20894571261831135,0.5199784017278618,0.5200000000000001,0.6146435452793834,0.4175824175824174,0.0,0.6388888888888886,0.08333333333333333,0.4788931329592139,0.003617416699853976,0.004977457714303005,0.22942559623782333,False
2019-04-15,GAMUDA,0.7936965414652286,0.7600048623022996,0.9246199245452167,0.7610356536502546,0.610068650987685,0.6904512067156345,0.33606557377048935,0.7932692307692325,0.26744186046511625,0.174496644295302,0.6392156862745099,0.388698883984884,0.34248073143409113,0.43952483801295894,0.4400000000000001,0.5510597302504819,0.49450549450549464,0.0,0.5416666666666667,0.08333333333333333,0.18033670749580444,0.03620735430771273,0.3348966685830131,0.5691971783674841,False
2019-04-16,GAMUDA,0.7704283444335517,0.7489971501505962,0.5551529640282395,0.6142745200470158,0.7541202484919515,0.717733473242392,0.2561475409836068,0.7932692307692325,0.5581395348837209,0.174496644295302,0.7137254901960786,0.39773155818181344,0.38659216378113326,0.43952483801295894,0.4400000000000001,0.5510597302504819,0.49450549450549464,0.0,0.4722222222222225,0.25,0.12005740885584758,0.01397185716182132,0.20210898968198734,1.0,False
2019-04-17,GAMUDA,0.7704283444335517,0.7489971501505962,0.5551529640282395,0.6142745200470158,0.8043038283339575,0.7995802728226656,0.1618852459016367,0.0,0.6085271317829457,0.49328859060402686,0.2549019607843137,0.1548922867256361,0.3045338985893196,0.37311015118790497,0.3733333333333337,0.49710982658959546,0.5714285714285714,0.0,0.4861111111111111,0.1111111111111111,0.15923363733701884,0.00985663082437276,0.07478289812097189,1.0,False
2019-04-18,GAMUDA,0.8251715744278048,0.7761044854738713,0.5855465491265424,0.6273344651952462,1.0,0.7534102833158446,0.11885245901639262,0.7932692307692325,0.5503875968992248,0.43624161073825507,1.0,0.07954371080877935,0.39381661825767894,0.37311015118790497,0.3733333333333337,0.49710982658959546,0.5714285714285714,0.0,0.3888888888888891,0.25,0.42250184148777026,0.014005044470994292,0.06243759266543617,1.0,False
2019-04-19,GAMUDA,0.8251715744278048,0.7761044854738713,0.5855465491265424,0.6273344651952462,0.872272268829017,0.7544596012591812,0.15368852459016408,0.0,0.46124031007751937,0.5201342281879195,0.2784313725490196,0.29344097291758237,1.0,0.37311015118790497,0.3733333333333337,0.49710982658959546,0.5714285714285714,0.0,0.37499999999999994,0.25,0.0756946395619917,0.17234169653524492,0.2319283488153953,1.0,True
2019-04-22,GAMUDA,0.9181429392474403,0.7787787517389485,0.7264452828309239,0.6473488311349093,0.8093869082796649,0.9003147953830007,0.17827868852458661,0.0,1.0,0.5604026845637584,0.2784313725490196,0.006359023441259009,0.0,0.7327213822894169,0.7333333333333337,0.7861271676300579,0.21978021978021994,0.0,0.4583333333333333,1.0,1.0,0.31564449754413915,0.0025719386365699415,0.22942559623782333,True
2019-04-23,GAMUDA,0.8771594712464923,0.8020232580126692,0.5290550720306799,0.6970745722867965,0.7101256728764077,0.9265477439664216,0.0,0.0,0.49612403100775193,0.21476510067114093,0.2470588235294118,0.5104098124023064,0.28966909717796846,0.7462203023758099,0.7466666666666667,0.7976878612716761,0.2087912087912087,0.0,0.7638888888888891,0.2777777777777778,0.725341149847745,0.05157307845479889,0.013858210535870979,0.22942559623782333,True
2019-04-24,GAMUDA,1.0,0.9445832601736914,0.7703983165863559,0.985536110748335,0.7101256728764077,1.0,0.08606557377048815,0.0,0.4767441860465116,0.5033557046979866,0.3333333333333333,0.45690298653031397,0.19669700892827197,0.8266738660907127,0.8266666666666668,0.8612716763005782,0.1428571428571427,0.0,0.7777777777777777,0.4166666666666667,0.3962122305163,0.06547856099827426,0.01700505310296832,0.22942559623782333,True
2019-04-25,GAMUDA,0.9498461746509347,0.9191777306554652,0.5155454285109509,0.5794697662269819,0.7101256728764077,0.9695697796432312,0.17622950819671962,0.0,0.5232558139534883,0.4429530201342282,0.21176470588235297,0.4578080745293152,0.1748827786982566,0.8801295896328294,0.8800000000000002,0.9036608863198459,0.09890109890109922,0.0,0.861111111111111,0.36111111111111116,0.11845512465163607,0.13118943316075932,0.00016641955883687858,0.22942559623782333,True
2019-04-26,GAMUDA,0.8357703100172439,0.941692891584165,0.42137636497204684,0.6953114796917853,0.7101256728764077,0.7565582371458545,0.3053278688524565,0.0,0.0,0.6442953020134229,0.20588235294117646,0.6906939788240618,0.33596731890231224,1.0,1.0,1.0,0.0,0.0,0.9444444444444444,0.5,0.2865582783418257,0.07812292579317669,0.0022390995188961843,0.22942559623782333,False
2019-04-29,GAMUDA,0.9044423408499292,0.9791326192952353,0.6905731326186296,0.7313895781637717,0.7101256728764077,0.6558237145855194,0.28278688524590095,0.0,0.3682170542635659,0.30201342281879195,0.02745098039215687,0.5383557047852626,0.22582289689221008,0.9465442764578834,0.9466666666666667,0.9576107899807323,0.04395604395604399,0.0,1.0,0.1388888888888889,0.13429571635772702,0.54901765564848,0.0006202910829374565,0.22942559623782333,False
2019-04-30,GAMUDA,0.9137901889854289,1.0,0.603202470334815,0.6913608462844457,0.7101256728764077,0.8289611752360956,0.2622950819672124,0.0,0.9302325581395349,0.5134228187919463,0.17058823529411768,0.5742653312283968,0.23401329514277858,0.933585313174946,0.9333333333333336,0.9460500963391142,0.05494505494505523,0.0,0.9722222222222222,0.22222222222222224,0.488749838632515,0.0032855436081242534,1.0,0.22942559623782333,False
2019-05-01,GAMUDA,0.9463470705568143,0.9102364969813207,0.637393697159862,0.4238605197858169,0.7101256728764077,0.6841552990556133,0.2459016393442625,0.0,0.23643410852713176,0.3456375838926175,0.08823529411764706,0.46456242376324147,0.08681419669030098,0.933585313174946,0.9333333333333336,0.9460500963391142,0.05494505494505523,0.0,0.9722222222222222,0.22222222222222224,0.488749838632515,0.0032855436081242534,1.0,0.22942559623782333,False
2019-05-02,GAMUDA,0.8087748064505224,0.8484447385837194,0.38676179447910053,0.4915110356536503,0.7101256728764077,0.5907660020986354,0.020491803278688544,0.0,0.011627906976744196,0.026845637583892586,0.11764705882352942,0.564912755238717,0.41217625790698764,0.8137149028077754,0.8133333333333338,0.84971098265896,0.15384615384615397,0.0,0.9722222222222222,0.0,0.3390084062967491,0.0348134873224479,0.03829162758328542,0.22942559623782333,False
2019-05-03,GAMUDA,0.8087748064505224,0.8484447385837194,0.38676179447910053,0.4915110356536503,0.7101256728764077,0.5508919202518362,0.09016393442622679,0.0,0.5581395348837209,0.5503355704697986,0.3568627450980393,0.5066646206823011,0.20308967848829798,0.7602591792656588,0.7600000000000003,0.8073217726396917,0.19780219780219796,0.0,0.8333333333333333,0.1388888888888889,0.4393751850979975,0.012412053630691623,0.029970649641441496,0.22942559623782333,False
2019-05-06,GAMUDA,0.815823726292302,0.9479193398073983,0.5066676627694147,0.5079665665404205,0.7101256728764077,0.46484784889821607,0.17622950819671962,0.17548076923076852,0.18992248062015504,0.3791946308724833,0.3176470588235294,0.731110839469119,0.4270343513754637,0.7068034557235421,0.706666666666667,0.7649325626204241,0.24175824175824193,0.0,0.8333333333333333,0.1388888888888889,0.28224502038925636,0.004944909066772866,0.09013888468637478,0.22942559623782333,False
2019-05-07,GAMUDA,0.815823726292302,0.9479193398073983,0.5066676627694147,0.5079665665404205,0.7101256728764077,0.4994753410283313,0.21926229508196368,0.17548076923076852,0.19767441860465113,0.3657718120805369,0.2686274509803922,0.6047704379533567,0.17111291480241755,0.693304535637149,0.6933333333333334,0.7533718689788058,0.2527472527472527,0.0,0.7777777777777777,0.22222222222222224,0.03486297052860191,0.009292446568432231,0.0007715815909709825,0.22942559623782333,False
2019-05-08,GAMUDA,0.41571723181987275,0.7324518159348451,0.0,0.12002089591223715,0.7101256728764077,0.5204616998950682,0.4344262295081934,0.3173076923076886,0.6046511627906976,0.6577181208053693,0.3490196078431373,0.6653931280933593,0.40562259771795783,0.6938444924406048,0.6933333333333334,0.7533718689788058,0.2527472527472527,0.0,0.6944444444444443,0.25,0.06602018422471466,0.05120801805389619,0.14923295712427,0.22942559623782333,False
2019-05-09,GAMUDA,0.41571723181987275,0.7324518159348451,0.0,0.12002089591223715,0.7101256728764077,0.5068205666316892,0.2459016393442625,0.3173076923076886,0.2751937984496124,0.4899328859060403,0.43137254901960786,0.6015896258189356,0.3230142812103812,0.6409287257019438,0.64,0.7109826589595375,0.30769230769230793,0.0,0.6944444444444443,0.1388888888888889,0.7492083501028955,1.0,0.004326908529758843,0.22942559623782333,False
